Geography,Time Period,Time Period End Date,Product Universe,Product Level,Brand,UPC,Description,PACK COUNT,FLAVOR,NFP - PROTEIN,NFP RANGES - PROTEIN VALUE,Dollars,"Dollars, Yago",Units,"Units, Yago",EQ Units,"EQ Units, Yago",Avg % ACV,"Avg % ACV, Yago",Max % ACV,"Max % ACV, Yago",TDP,"TDP, Yago",Average Weekly TDP,"Average Weekly TDP, Yago",Average Items Selling,"Average Items Selling, Yago",Number of Weeks Selling,"Number of Weeks Selling, Yago",Weight Weeks,"Weight Weeks, Yago",First Week Selling,Dollars SPM,"Dollars SPM, Yago",Units SPM,"Units SPM, Yago",Average Weekly Dollars SPM,"Average Weekly Dollars SPM, Yago",Average Weekly Units SPM,"Average Weekly Units SPM, Yago",Dollars SPM Per Item,"Dollars SPM Per Item, Yago",Units SPM Per Item,"Units SPM Per Item, Yago",Dollars SPP,"Dollars SPP, Yago",Units SPP,"Units SPP, Yago",Dollars/TDP,"Dollars/TDP, Yago",Units/TDP,"Units/TDP, Yago",ARP,"ARP, Yago","Dollars, Promo","Dollars, Promo, Yago","Dollars, Non-Promo","Dollars, Non-Promo, Yago","Dollars, % Promo","Dollars, % Promo, Yago","Units, Promo","Units, Promo, Yago","Units, Non-Promo","Units, Non-Promo, Yago","Units, % Promo","Units, % Promo, Yago","Avg % ACV, Any Promo","Avg % ACV, Any Promo, Yago","Avg % ACV, Non-Promo","Avg % ACV, Non-Promo, Yago","Max % ACV, Any Promo","Max % ACV, Any Promo, Yago","Max % ACV, Non-Promo","Max % ACV, Non-Promo, Yago","TDP, Any Promo","TDP, Any Promo, Yago","TDP, Non-Promo","TDP, Non-Promo, Yago","Weight Weeks, Any Promo","Weight Weeks, Any Promo, Yago","Weight Weeks, Non-Promo","Weight Weeks, Non-Promo, Yago","Average Weekly TDP, Any Promo","Average Weekly TDP, Any Promo, Yago","Average Weekly TDP, Non-Promo","Average Weekly TDP, Non-Promo, Yago",Promo Weeks,"Promo Weeks, Yago",Base Dollars,"Base Dollars, Yago",Base Units,"Base Units, Yago",Incr Dollars,"Incr Dollars, Yago",Incr Units,"Incr Units, Yago","Dollar ,% Lift, TPR","Dollar ,% Lift, TPR, Yago","Dollar ,% Lift, Any Display","Dollar ,% Lift, Any Display, Yago","Dollar ,% Lift, Any Feature","Dollar ,% Lift, Any Feature, Yago","Dollar ,% Lift, Display Only","Dollar ,% Lift, Display Only, Yago","Dollar ,% Lift, Feature & Display","Dollar ,% Lift, Feature & Display, Yago","Dollar ,% Lift, Feature Only","Dollar ,% Lift, Feature Only, Yago","Dollar ,% Lift, SPK","Dollar ,% Lift, SPK, Yago","Units ,% Lift, Any Display","Units ,% Lift, Any Display, Yago","Units ,% Lift, Any Feature","Units ,% Lift, Any Feature, Yago","Units ,% Lift, Display Only","Units ,% Lift, Display Only, Yago","Units ,% Lift, Feature Only","Units ,% Lift, Feature Only, Yago","Units ,% Lift, Feature & Display","Units ,% Lift, Feature & Display, Yago","Units ,% Lift, SPK","Units ,% Lift, SPK, Yago","Units ,% Lift, TPR","Units ,% Lift, TPR, Yago","ARP % Discount, Any Display","ARP % Discount, Any Display, Yago","ARP % Discount, Any Feature","ARP % Discount, Any Feature, Yago","ARP % Discount, Display Only","ARP % Discount, Display Only, Yago","ARP % Discount, Feature & Display","ARP % Discount, Feature & Display, Yago","ARP % Discount, Feature Only","ARP % Discount, Feature Only, Yago","ARP % Discount, TPR Only","ARP % Discount, TPR Only, Yago","ARP % Discount, SPK","ARP % Discount, SPK, Yago","Base ARP, Any Display","Base ARP, Any Display, Yago","Base ARP, Any Feature","Base ARP, Any Feature, Yago","Base ARP, Display Only","Base ARP, Display Only, Yago","Base ARP, Feature & Display","Base ARP, Feature & Display, Yago","Base ARP, Feature Only","Base ARP, Feature Only, Yago","Base ARP, SPK","Base ARP, SPK, Yago","Base ARP, TPR","Base ARP, TPR, Yago","ARP, Any Display","ARP, Any Display, Yago","ARP, Any Feature","ARP, Any Feature, Yago","ARP, Display Only","ARP, Display Only, Yago","ARP, Feature & Display","ARP, Feature & Display, Yago","ARP, Feature Only","ARP, Feature Only, Yago","ARP, SPK","ARP, SPK, Yago","ARP, TPR","ARP, TPR, Yago"
NOR. CALIFORNIA - STANDARD REGION - NAT EXP CHNL,WEEK,10/22/2023,TPL,UPC,QUAKER CHEWY,00-30000-45010,Quaker Chewy Variety Pack Granola Snack Bar 15.2oz,18,ASSORTED,1 g,0.5 TO < 5G PROTEIN,669.16,,123.4,,2221.4,,30.7,,30.7,,30.7,,30.7,,1,,1,,0.3,,2023-01-08,0.29,,0.1,,0.29,,0.1,,0.29,,0.1,,21.78,,4,,21.78,,4,,5.42,,34.53,,634.63,,5.2,,6.9,,116.5,,5.6,,1.3,,29.4,,1.3,,29.4,,1.3,,29.4,,0,,0.3,,1.3,,29.4,,1,0,666.73,,122.3,,2.43,,1.1,,,,,,,,,,,,,,,,,,,,,,,,,,,,,,,,,,,,,,,,,,,,,,,,,,,,,,,,,,,,,,,,,,,,,,,
TOTAL US - REGIONAL AND INDEPENDENT GROCERY CHANNEL,WEEK,03/22/2026,TPL,UPC,GOOD SOURCE FOODS,08-50035-88721,Good Source Snacks Ancient Grain And Dark Chocolate Sunflower Pumpkin Seed Hemp Bites 3 Oz,1,PUMPKIN / PUMPKIN SPICE,2 g,0.5 TO < 5G PROTEIN,222.77,,47.5,,47.5,,0.6,,0.6,,0.6,,0.6,,1,,1,,0,,2025-11-02,0.22,,0.1,,0.22,,0.1,,0.22,,0.1,,371.28,,79.2,,371.28,,79.2,,4.69,,45.19,,177.59,,20.3,,9.5,,38,,20,,0.1,,0.5,,0.1,,0.5,,0.1,,0.5,,0,,0,,0.1,,0.5,,1,0,220.87,,46.6,,1.9,,0.9,,,,,,,,,,,,,,,,,,,,,,,,,,,,,,,,,,,,,,,,,,,,,,,,,,,,,,,,,,,,,,,,,,,,,,,
ROSAUERS SUPERMARKETS - TOTAL US,WEEK,05/07/2023,TPL,UPC,SUNBELT,00-24300-03111,Sunbelt Bakery Chocolate Chip Granola Snack Bar 11.26oz,10,CHOCOLATE CHIP / CHUNK,2 g,0.5 TO < 5G PROTEIN,371.22,,138,,1380,,85.4,,85.4,,85.4,,85.4,,1,,1,,0.8,,2023-01-08,0.89,,0.3,,0.89,,0.3,,0.89,,0.3,,4.34,,1.6,,4.34,,1.6,,2.69,,5.38,,365.84,,1.4,,2,,136,,1.4,,4,,81.4,,4,,81.4,,4,,81.4,,0,,0.8,,4,,81.4,,1,0,371.22,,138,,0,,0,,,,,,,,,,,,,,,,,,,,,,,,,,,,,,,,,,,,,,,,,,,,,,,,,,,,,,,,,,,,,,,,,,,,,,,
HARMONS NEIGHBORHOOD GROCER - TOTAL US,WEEK,03/12/2023,TPL,UPC,ATKINS,06-37480-05401,Atkn1 Vpc#4 Hprsn Nsb Ss 8.47oz,5,UNKNOWN,15 g,15 TO < 20G PROTEIN,107.88,,12,,60,,47.7,,47.7,,47.7,,47.7,,1,,1,,0.5,,2023-01-08,0.31,,0,,0.31,,0,,0.31,,0,,2.26,,0.3,,2.26,,0.3,,8.99,,80.91,,26.97,,75,,9,,3,,75,,36.5,,11.3,,36.5,,11.3,,36.5,,11.3,,0.4,,0.1,,36.5,,11.3,,1,0,88.62,,9.7,,19.26,,2.3,,,,,,,,,,,,,,,,,,,,,,,,,,,,,,,,,,,,,,,,,,,,,,,,,,,,,,,,,,,,,,,,,,,,,,,
SPROUTS FARMERS MARKET - TOTAL US W/O PL,WEEK,08/27/2023,TPL,UPC,CLIF BAR,07-22252-66076,Clif Bar Wht Choc Macadamia Br Ogc 2.4oz(6pk),6,CHOCOLATE NUT,9 g,5 TO < 10G PROTEIN,3734.51,,374.3,,2245.7,,56.8,,56.8,,56.8,,56.8,,1,,1,,0.6,,2023-01-08,0.89,,0.1,,0.89,,0.1,,0.89,,0.1,,65.7,,6.6,,65.7,,6.6,,9.98,,38.21,,3696.3,,1,,4.3,,370,,1.1,,0.7,,56.2,,0.7,,56.2,,0.7,,56.2,,0,,0.6,,0.7,,56.2,,1,0,3718.46,,372.4,,16.05,,1.9,,,,,,,,,,,,,,,,,,,,,,,,,,,,,,,,,,,,,,,,,,,,,,,,,,,,,,,,,,,,,,,,,,,,,,,
WEST - COMBINED STANDARD REGION - NAT EXP CHNL,WEEK,09/17/2023,TPL,UPC,CLIF BUILDERS,07-22252-18359,Clif Builders Ch Mnt Prtn Br Ogc 2.4oz (12pk),12,MINT,20 g,20 TO < 25G PROTEIN,1317.12,,52.8,,634.1,,6.4,,6.4,,6.4,,6.4,,1,,1,,0.1,,2023-01-08,1.04,,0,,1.04,,0,,1.04,,0,,206.77,,8.3,,206.77,,8.3,,24.93,,65.75,,1251.37,,5,,2.8,,50.1,,5.2,,0.3,,6.1,,0.3,,6.1,,0.3,,6.1,,0,,0.1,,0.3,,6.1,,1,0,1301.37,,52.1,,15.75,,0.8,,,,,,,,,,,,,,,,,,,,,,,,,,,,,,,,,,,,,,,,,,,,,,,,,,,,,,,,,,,,,,,,,,,,,,,
SOUTHWEST + SOUTH CENTRAL - COMBINED STANDARD REGION - NAT EXP CHNL,WEEK,01/15/2023,TPL,UPC,ANNIES HOMEGROWN,00-13562-28972,Annies Homegrown Organic Original Snack Bar 3.9oz,5,PLAIN/UNFLAVORED,1 g,0.5 TO < 5G PROTEIN,4817.21,,955.4,,4776.9,,51,,51,,51,,51,,1,,1,,0.5,,2023-01-08,0.8,,0.2,,0.8,,0.2,,0.8,,0.2,,94.4,,18.7,,94.4,,18.7,,5.04,,104.78,,4712.43,,2.2,,24.6,,930.8,,2.6,,0.8,,50.3,,0.8,,50.3,,0.8,,50.3,,0,,0.5,,0.8,,50.3,,1,0,4802.9,,949.3,,14.31,,6.1,,,,,,,,,,,,,,,,,,,,,,,,,,,,,,,,,,,,,,,,,,,,,,,,,,,,,,,,,,,,,,,,,,,,,,,
MIDWEST - US CENSUS REGION - REG AND INDEP GROC CHNL,WEEK,02/16/2025,TPL,UPC,CLIF ZBAR,07-22252-06857,Clif Zbar Halloween Minis Spooky Choco Chip Og 9.88 Oz,1,CHOCOLATE CHIP / CHUNK,"","",65.21,,11.8,,11.8,,0.5,,0.5,,0.5,,0.5,,1,,1,,0,,2024-09-08,0.32,,0.1,,0.32,,0.1,,0.32,,0.1,,144.91,,26.2,,144.91,,26.2,,5.52,,49.66,,15.55,,76.2,,6.6,,5.2,,56,,0.4,,0.1,,0.4,,0.1,,0.4,,0.1,,0,,0,,0.4,,0.1,,1,0,65.21,,11.8,,0,,0,,,,,,,,,,,,,,,,,,,,,,,,,,,,,,,,,,,,,,,,,,,,,,,,,,,,,,,,,,,,,,,,,,,,,,,
TOTAL US - NATURAL EXPANDED CHANNEL,WEEK,05/18/2025,TPL,UPC,THINK!,07-53656-71991,Think! Minis Choc Pb High Prtn Bars 0.92 Oz (8 Pk),8,CHOCOLATE PEANUT,6 g,5 TO < 10G PROTEIN,3333.39,,373,,2983.7,,11,,11,,11,,11,,1,,1,,0.1,,2024-06-09,0.68,,0.1,,0.68,,0.1,,0.68,,0.1,,303.59,,34,,303.59,,34,,8.94,,3020.14,,313.25,,90.6,,343.7,,29.3,,92.1,,9.3,,1.7,,9.3,,1.7,,9.3,,1.7,,0.1,,0,,9.3,,1.7,,1,0,2777.99,,292.5,,555.4,,80.4,,,,,,,,,,,,,,,,,,,,,,,,,,,,,,,,,,,,,,,,,,,,,,,,,,,,,,,,,,,,,,,,,,,,,,,
RALEYS - TOTAL US,WEEK,08/13/2023,TPL,UPC,BOBOS,08-29262-00034,Bobos Apl Pie Stffd Oat Bites Ogc 1.3oz (5pk),5,APPLE,2 g,0.5 TO < 5G PROTEIN,798.14,,162,,810,,68.5,,68.5,,68.5,,68.5,,1,,1,,0.7,,2023-01-08,0.3,,0.1,,0.3,,0.1,,0.3,,0.1,,11.66,,2.4,,11.66,,2.4,,4.93,,36.48,,761.66,,4.6,,8,,154,,4.9,,4.4,,64,,4.4,,64,,4.4,,64,,0,,0.6,,4.4,,64,,1,0,790.08,,160.2,,8.06,,1.8,,,,,,,,,,,,,,,,,,,,,,,,,,,,,,,,,,,,,,,,,,,,,,,,,,,,,,,,,,,,,,,,,,,,,,,
NOR. CALIFORNIA + SOUTHWEST - COMBINED STANDARD REGION - NAT EXP CHNL,WEEK,02/26/2023,TPL,UPC,LARABAR,00-21908-50915,Larabar Pecan Pie 1.6 Oz,1,NUTS AND SEEDS (OTHER THAN PEANUT),3 g,0.5 TO < 5G PROTEIN,960.37,,509.8,,509.8,,18.1,,18.1,,18.1,,18.1,,1,,1,,0.2,,2023-01-08,0.37,,0.2,,0.37,,0.2,,0.37,,0.2,,53.03,,28.1,,53.03,,28.1,,1.88,,158.26,,802.12,,16.5,,100,,409.8,,19.6,,4,,14.1,,4,,14.1,,4,,14.1,,0,,0.1,,4,,14.1,,1,0,897.53,,459.3,,62.84,,50.5,,,,,,,,,,,,,,,,,,,,,,,,,,,,,,,,,,,,,,,,,,,,,,,,,,,,,,,,,,,,,,,,,,,,,,,
NOR. CALIFORNIA - STANDARD REGION - NAT EXP CHNL,WEEK,05/14/2023,TPL,UPC,GOMACRO,08-53555-00668,Gomacro Macrobar Ccnt Almd Btr Choc Og 2.3oz,1,COCONUT,11 g,10 TO < 15G PROTEIN,5733.74,,2044.9,,2044.9,,81.2,,81.2,,81.2,,81.2,,1,,1,,0.8,,2023-01-08,0.94,,0.3,,0.94,,0.3,,0.94,,0.3,,70.61,,25.2,,70.61,,25.2,,2.8,,5567.29,,166.45,,97.1,,1999.4,,45.6,,97.8,,78.5,,2.7,,78.5,,2.7,,78.5,,2.7,,0.8,,0,,78.5,,2.7,,1,0,4051.94,,1253.6,,1681.8,,791.3,,,,,,,,,,,,,,,,,,,,,,,,,,,,,,,,,,,,,,,,,,,,,,,,,,,,,,,,,,,,,,,,,,,,,,,
UNCLE GIUSEPPES MARKETPLACE - TOTAL US,WEEK,01/08/2023,TPL,UPC,CANDO,08-50009-08917,Cando Almd Bttr Blackbrry Jelly Krisp 1.59 Oz,1,ALMOND / AMARETTO,11 g,10 TO < 15G PROTEIN,10,,4,,4,,19.3,,19.3,,19.3,,19.3,,1,,1,,0.2,,2023-01-08,0.13,,0.1,,0.13,,0.1,,0.13,,0.1,,0.52,,0.2,,0.52,,0.2,,2.5,,2.5,,7.5,,25,,1,,3,,25,,8.4,,10.8,,8.4,,10.8,,8.4,,10.8,,0.1,,0.1,,8.4,,10.8,,1,0,10,,4,,0,,0,,,,,,,,,,,,,,,,,,,,,,,,,,,,,,,,,,,,,,,,,,,,,,,,,,,,,,,,,,,,,,,,,,,,,,,
SOUTH CENTRAL - STANDARD REGION - NAT EXP CHNL,WEEK,10/08/2023,TPL,UPC,CLIF BAR,07-22252-10260,Clif Bar Blueberry Crisp Ogc 2.4 Oz,1,BLUEBERRY,11 g,10 TO < 15G PROTEIN,267.34,,168.7,,168.7,,8.7,,8.7,,8.7,,8.7,,1,,1,,0.1,,2023-01-08,0.6,,0.4,,0.6,,0.4,,0.6,,0.4,,30.66,,19.3,,30.66,,19.3,,1.58,,237.46,,29.88,,88.8,,153.7,,15.1,,91.1,,7.4,,1.3,,7.4,,1.3,,7.4,,1.3,,0.1,,0,,7.4,,1.3,,1,0,212.89,,119.5,,54.45,,49.3,,,,,,,,,,,,,,,,,,,,,,,,,,,,,,,,,,,,,,,,,,,,,,,,,,,,,,,,,,,,,,,,,,,,,,,
EAST MIDWEST - STANDARD REGION - REG AND INDEP GROC CHNL,WEEK,05/28/2023,TPL,UPC,PAMELAS,00-93709-60033,Pamelas Whenever Blue Lem 1.41oz (5pk),5,LEMON,2 g,0.5 TO < 5G PROTEIN,1325.37,,180.4,,901.9,,11.9,,11.9,,11.9,,11.9,,1,,1,,0.1,,2023-01-08,0.41,,0.1,,0.41,,0.1,,0.41,,0.1,,111.28,,15.1,,111.28,,15.1,,7.35,,7.79,,1317.58,,0.6,,1.3,,179.1,,0.7,,0.2,,11.7,,0.2,,11.7,,0.2,,11.7,,0,,0.1,,0.2,,11.7,,1,0,1325.37,,180.4,,0,,0,,,,,,,,,,,,,,,,,,,,,,,,,,,,,,,,,,,,,,,,,,,,,,,,,,,,,,,,,,,,,,,,,,,,,,,
MCCAFFREYS - TOTAL US,WEEK,08/27/2023,TPL,UPC,ZONE PERFECT,06-38102-63506,Zone Perfect Chocolate Carml Clstr Bar 1.58oz,1,CHOCOLATE,11 g,10 TO < 15G PROTEIN,21.6,,19,,19,,48.8,,48.8,,48.8,,48.8,,1,,1,,0.5,,2023-01-08,0.16,,0.1,,0.16,,0.1,,0.16,,0.1,,0.44,,0.4,,0.44,,0.4,,1.14,,14.91,,6.69,,69,,14,,5,,73.7,,22.9,,25.8,,22.9,,25.8,,22.9,,25.8,,0.2,,0.3,,22.9,,25.8,,1,0,21.6,,19,,0,,0,,,,,,,,,,,,,,,,,,,,,,,,,,,,,,,,,,,,,,,,,,,,,,,,,,,,,,,,,,,,,,,,,,,,,,,
SOUTHWEST - STANDARD REGION - NAT EXP CHNL,WEEK,06/18/2023,TPL,UPC,QUAKER CHEWY,00-30000-57168,Quaker Chewy Chc Cp Redcd Sgr Br .84oz (18pk),18,CHOCOLATE CHIP / CHUNK,1 g,0.5 TO < 5G PROTEIN,105.72,,19.3,,346.6,,2.8,,2.8,,2.8,,2.8,,1,,1,,0,,2023-01-08,0.55,,0.1,,0.55,,0.1,,0.55,,0.1,,37.49,,6.8,,37.49,,6.8,,5.49,,24.4,,81.32,,23.1,,4.4,,14.8,,23.1,,1,,1.8,,1,,1.8,,1,,1.8,,0,,0,,1,,1.8,,1,0,105.07,,18.6,,0.65,,0.7,,,,,,,,,,,,,,,,,,,,,,,,,,,,,,,,,,,,,,,,,,,,,,,,,,,,,,,,,,,,,,,,,,,,,,,
MID-ATLANTIC - STANDARD REGION - NAT EXP CHNL,WEEK,01/29/2023,TPL,UPC,THINK!,07-53656-71942,Think! Keto Choc Mousse Pie Protein Bar 1.2oz,1,COOKIE / PASTRY / CAKE,10 g,10 TO < 15G PROTEIN,349.4,,142.9,,142.9,,10.3,,10.3,,10.3,,10.3,,1,,1,,0.1,,2023-01-08,0.46,,0.2,,0.46,,0.2,,0.46,,0.2,,33.99,,13.9,,33.99,,13.9,,2.45,,230.32,,119.08,,65.9,,102.2,,40.7,,71.5,,7,,3.3,,7,,3.3,,7,,3.3,,0.1,,0,,7,,3.3,,1,0,280.55,,101.5,,68.85,,41.4,,,,,,,,,,,,,,,,,,,,,,,,,,,,,,,,,,,,,,,,,,,,,,,,,,,,,,,,,,,,,,,,,,,,,,,
SOUTH - US CENSUS REGION - REG AND INDEP GROC CHNL,WEEK,05/14/2023,TPL,UPC,NUTRI-GRAIN,00-38000-35500,Kelloggs Nutri Grain Bars Mixed Berry Breakfast Snack Bar 10.4oz,8,BERRY - BLENDS / GENERIC,2 g,0.5 TO < 5G PROTEIN,14190.18,,4109.9,,32879.5,,68.8,,68.8,,68.8,,68.8,,1,,1,,0.7,,2023-01-08,0.48,,0.1,,0.48,,0.1,,0.48,,0.1,,206.13,,59.7,,206.13,,59.7,,3.45,,4302.13,,9888.04,,30.3,,1563.7,,2546.3,,38,,19.8,,49.1,,19.8,,49.1,,19.8,,49.1,,0.2,,0.5,,19.8,,49.1,,1,0,12842.57,,3400.1,,1347.61,,709.8,,,,,,,,,,,,,,,,,,,,,,,,,,,,,,,,,,,,,,,,,,,,,,,,,,,,,,,,,,,,,,,,,,,,,,,
WEST - COMBINED STANDARD REGION - NAT EXP CHNL,WEEK,06/18/2023,TPL,UPC,LARABAR,00-21908-50924,Larabar Cherry Pie 1.7 Oz,1,CHERRY,4 g,0.5 TO < 5G PROTEIN,7584.36,,4889.3,,4889.3,,80.5,,80.5,,80.5,,80.5,,1,,1,,0.8,,2023-01-08,0.48,,0.3,,0.48,,0.3,,0.48,,0.3,,94.19,,60.7,,94.19,,60.7,,1.55,,5617.34,,1967.02,,74.1,,3929.7,,959.6,,80.4,,60.5,,20,,60.5,,20,,60.5,,20,,0.6,,0.2,,60.5,,20,,1,0,5998.62,,3119.5,,1585.74,,1769.8,,,,,,,,,,,,,,,,,,,,,,,,,,,,,,,,,,,,,,,,,,,,,,,,,,,,,,,,,,,,,,,,,,,,,,,
PYRAMID FOODS - TOTAL US,WEEK,11/12/2023,TPL,UPC,BEST CHOICE,00-70038-36803,Apple Cinnamon Fruit And Grain Cereal Snack Bar 10.4oz,8,APPLE,1 g,0.5 TO < 5G PROTEIN,112.04,,36,,288,,57.7,,57.7,,57.7,,57.7,,1,,1,,0.6,,2023-01-08,0.37,,0.1,,0.37,,0.1,,0.37,,0.1,,1.94,,0.6,,1.94,,0.6,,3.11,,2.85,,109.19,,2.5,,1,,35,,2.8,,2.5,,55.2,,2.5,,55.2,,2.5,,55.2,,0,,0.6,,2.5,,55.2,,1,0,112.04,,36,,0,,0,,,,,,,,,,,,,,,,,,,,,,,,,,,,,,,,,,,,,,,,,,,,,,,,,,,,,,,,,,,,,,,,,,,,,,,
SOUTHWEST - STANDARD REGION - NAT EXP CHNL,WEEK,06/04/2023,TPL,UPC,KIND,06-02652-17056,Kind Core Pb Dark Choc 1.4 Oz,1,CHOCOLATE PEANUT,7 g,5 TO < 10G PROTEIN,2073.67,,1151.2,,1151.2,,68.3,,68.3,,68.3,,68.3,,1,,1,,0.7,,2023-01-08,0.45,,0.3,,0.45,,0.3,,0.45,,0.3,,30.38,,16.9,,30.38,,16.9,,1.8,,1215.39,,858.28,,58.6,,714.4,,436.8,,62.1,,43,,25.2,,43,,25.2,,43,,25.2,,0.4,,0.3,,43,,25.2,,1,0,1788.72,,941,,284.95,,210.2,,,,,,,,,,,,,,,,,,,,,,,,,,,,,,,,,,,,,,,,,,,,,,,,,,,,,,,,,,,,,,,,,,,,,,,
REDNERS MARKETS - TOTAL US,WEEK,07/02/2023,TPL,UPC,ATKINS,06-37480-02530,Atkins Advantage Chcchp Ck Dgh 2.1 Oz (5 Pk),5,CHOCOLATE CHIP / CHUNK,13 g,10 TO < 15G PROTEIN,108.39,,11,,55,,20.1,,20.1,,20.1,,20.1,,1,,1,,0.2,,2023-01-08,0.5,,0.1,,0.5,,0.1,,0.5,,0.1,,5.38,,0.5,,5.38,,0.5,,9.85,,18.98,,89.41,,17.5,,2,,9,,18.2,,2.6,,17.5,,2.6,,17.5,,2.6,,17.5,,0,,0.2,,2.6,,17.5,,1,0,103.75,,10.4,,4.64,,0.6,,,,,,,,,,,,,,,,,,,,,,,,,,,,,,,,,,,,,,,,,,,,,,,,,,,,,,,,,,,,,,,,,,,,,,,
MARKET OF CHOICE - TOTAL US,WEEK,07/30/2023,TPL,UPC,THINK!,07-53656-70921,Think! Hipro Cookies Crme Bar 2.1 Oz,1,COOKIES AND CREAM,20 g,20 TO < 25G PROTEIN,59.35,,20,,20,,69.7,,69.7,,69.7,,69.7,,1,,1,,0.7,,2023-01-08,0.35,,0.1,,0.35,,0.1,,0.35,,0.1,,0.85,,0.3,,0.85,,0.3,,2.97,,5.53,,53.82,,9.3,,2,,18,,10,,4.8,,65,,4.8,,65,,4.8,,65,,0.1,,0.7,,4.8,,65,,1,0,59.35,,20,,0,,0,,,,,,,,,,,,,,,,,,,,,,,,,,,,,,,,,,,,,,,,,,,,,,,,,,,,,,,,,,,,,,,,,,,,,,,
INFRA - TOTAL US,WEEK,01/22/2023,TPL,UPC,THINK!,07-53656-71839,Think! Keto Cho Pnt Btr Pie Bar 1.62oz,1,CHOCOLATE PEANUT,10 g,10 TO < 15G PROTEIN,977.02,,341.3,,341.3,,23.1,,23.1,,23.1,,23.1,,1,,1,,0.2,,2023-01-08,1.43,,0.5,,1.43,,0.5,,1.43,,0.5,,42.22,,14.8,,42.22,,14.8,,2.86,,433.37,,543.66,,44.4,,158.4,,182.9,,46.4,,12.1,,11.1,,12.1,,11.1,,12.1,,11.1,,0.1,,0.1,,12.1,,11.1,,1,0,843.06,,275.4,,133.96,,65.9,,,,,,,,,,,,,,,,,,,,,,,,,,,,,,,,,,,,,,,,,,,,,,,,,,,,,,,,,,,,,,,,,,,,,,,
MAVERIK - TOTAL US,WEEK,05/26/2024,TPL,UPC,KIND,06-02652-20300,Kind Breakfast Protein Almond Butter Breakfast Snack Bar 1.76oz,1,ALMOND / AMARETTO,8 g,5 TO < 10G PROTEIN,87.55,,45,,45,,3.3,,3.3,,3.3,,3.3,,1,,1,,0,,2023-09-10,0.71,,0.4,,0.71,,0.4,,0.71,,0.4,,26.21,,13.5,,26.21,,13.5,,1.95,,5.96,,81.59,,6.8,,4,,41,,8.9,,0.2,,3.2,,0.2,,3.2,,0.2,,3.2,,0,,0,,0.2,,3.2,,1,0,86.94,,44.2,,0.61,,0.8,,,,,,,,,,,,,,,,,,,,,,,,,,,,,,,,,,,,,,,,,,,,,,,,,,,,,,,,,,,,,,,,,,,,,,,
EAST - COMBINED STANDARD REGION - NAT EXP CHNL,WEEK,12/24/2023,TPL,UPC,PERFECT BAR,08-55569-11088,Perfect Bar Choc Pnt Bttr Snck Og 1.05oz(6pk),6,PEANUT BUTTER,5 g,5 TO < 10G PROTEIN,3831.17,,477.6,,2865.5,,20.6,,20.6,,20.6,,20.6,,1,,1,,0.2,,2023-01-08,1.45,,0.2,,1.45,,0.2,,1.45,,0.2,,186.34,,23.2,,186.34,,23.2,,8.02,,1548.22,,2282.95,,40.4,,203.4,,274.1,,42.6,,8.5,,12.1,,8.5,,12.1,,8.5,,12.1,,0.1,,0.1,,8.5,,12.1,,1,0,3534.11,,421.8,,297.06,,55.8,,,,,,,,,,,,,,,,,,,,,,,,,,,,,,,,,,,,,,,,,,,,,,,,,,,,,,,,,,,,,,,,,,,,,,,
ALLEGIANCE RETAIL SERVICES X DAGOSTINO - TOTAL US,WEEK,10/29/2023,TPL,UPC,NATURES BAKERY,00-47495-71064,Natures Bakery Gluten Free Fig Bar Pomegranate 2 Oz (6 Pk),6,POMEGRANATE,2 g,0.5 TO < 5G PROTEIN,171.56,,24,,144,,20.5,,20.5,,20.5,,20.5,,1,,1,,0.2,,2023-01-08,0.59,,0.1,,0.59,,0.1,,0.59,,0.1,,8.36,,1.2,,8.36,,1.2,,7.15,,84.88,,86.68,,49.5,,12,,12,,50,,13.7,,6.8,,13.7,,6.8,,13.7,,6.8,,0.1,,0.1,,13.7,,6.8,,1,0,151.91,,20.8,,19.65,,3.2,,,,,,,,,,,,,,,,,,,,,,,,,,,,,,,,,,,,,,,,,,,,,,,,,,,,,,,,,,,,,,,,,,,,,,,
TOTAL US - REGIONAL AND INDEPENDENT GROCERY CHANNEL,WEEK,01/07/2024,TPL,UPC,ALANI NU,08-10030-51727,Alani Caramel Crunch Protein Bar 1.69 Oz,1,CARAMEL,16 g,15 TO < 20G PROTEIN,314.21,,108.1,,108.1,,0.9,,0.9,,0.9,,0.9,,1,,1,,0,,2023-08-20,0.2,,0.1,,0.2,,0.1,,0.2,,0.1,,334.27,,115,,334.27,,115,,2.91,,9.19,,305.02,,2.9,,3.4,,104.7,,3.2,,0,,0.9,,0,,0.9,,0,,0.9,,0,,0,,0,,0.9,,1,0,311.34,,106.7,,2.87,,1.4,,,,,,,,,,,,,,,,,,,,,,,,,,,,,,,,,,,,,,,,,,,,,,,,,,,,,,,,,,,,,,,,,,,,,,,
STRACK AND VAN TIL - TOTAL US,WEEK,10/08/2023,TPL,UPC,NUTRI-GRAIN,00-38000-36700,Kelloggs Nutri Grain Bars Cherry Breakfast Snack Bar 10.4oz,8,CHERRY,1 g,0.5 TO < 5G PROTEIN,157.1,,40,,320,,81.7,,81.7,,81.7,,81.7,,1,,1,,0.8,,2023-01-08,0.27,,0.1,,0.27,,0.1,,0.27,,0.1,,1.92,,0.5,,1.92,,0.5,,3.93,,10.97,,146.13,,7,,3,,37,,7.5,,7.5,,74.2,,7.5,,74.2,,7.5,,74.2,,0.1,,0.7,,7.5,,74.2,,1,0,157.38,,40,,-0.28,,0,,,,,,,,,,,,,,,,,,,,,,,,,,,,,,,,,,,,,,,,,,,,,,,,,,,,,,,,,,,,,,,,,,,,,,,
NORTH CENTRAL - STANDARD REGION - NAT EXP CHNL,WEEK,08/27/2023,TPL,UPC,BLAKES SEED BASED,08-57925-00836,Blakes Seed Bsd Chc Chp Crsp Trt 0.78oz (6pk),6,CHOCOLATE CHIP / CHUNK,1 g,0.5 TO < 5G PROTEIN,65.58,,13.7,,82,,6,,6,,6,,6,,1,,1,,0.1,,2023-01-08,0.16,,0,,0.16,,0,,0.16,,0,,10.91,,2.3,,10.91,,2.3,,4.8,,45.54,,20.04,,69.4,,10.1,,3.5,,74.2,,4.9,,1.1,,4.9,,1.1,,4.9,,1.1,,0.1,,0,,4.9,,1.1,,1,0,65.58,,13.7,,0,,0,,,,,,,,,,,,,,,,,,,,,,,,,,,,,,,,,,,,,,,,,,,,,,,,,,,,,,,,,,,,,,,,,,,,,,,
MCCAFFREYS - TOTAL US,WEEK,06/11/2023,TPL,UPC,KIND,06-02652-17030,Kind Core Carm Alm Sea Salt 1.4 Oz,1,CARAMEL,6 g,5 TO < 10G PROTEIN,50.07,,26,,26,,89.5,,89.5,,89.5,,89.5,,1,,1,,0.9,,2023-01-08,0.2,,0.1,,0.2,,0.1,,0.2,,0.1,,0.56,,0.3,,0.56,,0.3,,1.93,,15.14,,34.93,,30.2,,8,,18,,30.8,,5,,84.5,,5,,84.5,,5,,84.5,,0.1,,0.8,,5,,84.5,,1,0,46.48,,23.8,,3.59,,2.2,,,,,,,,,,,,,,,,,,,,,,,,,,,,,,,,,,,,,,,,,,,,,,,,,,,,,,,,,,,,,,,,,,,,,,,
PIGGLY WIGGLY MIDWEST - TOTAL US,WEEK,11/05/2023,TPL,UPC,POWERBAR PROTEIN PLUS,00-97421-48356,Powerbar Prtn+ Choc Peanut Btr Bar 2.12 Oz,1,CHOCOLATE PEANUT,20 g,20 TO < 25G PROTEIN,161.96,,96,,96,,37.7,,37.7,,37.7,,37.7,,1,,1,,0.4,,2023-01-08,0.31,,0.2,,0.31,,0.2,,0.31,,0.2,,4.3,,2.5,,4.3,,2.5,,1.69,,85.76,,76.2,,53,,56,,40,,58.3,,18.2,,19.5,,18.2,,19.5,,18.2,,19.5,,0.2,,0.2,,18.2,,19.5,,1,0,137.64,,74.8,,24.32,,21.3,,,,,,,,,,,,,,,,,,,,,,,,,,,,,,,,,,,,,,,,,,,,,,,,,,,,,,,,,,,,,,,,,,,,,,,
SOUTHEAST - STANDARD REGION - NAT EXP CHNL,WEEK,07/09/2023,TPL,UPC,BOBOS,08-29262-00170,Bobos Pb Choc Chip Oat Bar Ogc 3oz,1,CHOCOLATE PEANUT,3 g,0.5 TO < 5G PROTEIN,724.97,,232.3,,232.3,,33.4,,33.4,,33.4,,33.4,,1,,1,,0.3,,2023-01-08,0.64,,0.2,,0.64,,0.2,,0.64,,0.2,,21.69,,6.9,,21.69,,6.9,,3.12,,60.77,,664.2,,8.4,,24.6,,207.6,,10.6,,2,,31.5,,2,,31.5,,2,,31.5,,0,,0.3,,2,,31.5,,1,0,727.37,,231.2,,-2.4,,1.1,,,,,,,,,,,,,,,,,,,,,,,,,,,,,,,,,,,,,,,,,,,,,,,,,,,,,,,,,,,,,,,,,,,,,,,
NOR. CALIFORNIA - STANDARD REGION - NAT EXP CHNL,WEEK,07/23/2023,TPL,UPC,BAREBELLS,08-50000-42911,Barebells Cookies & Cream Protein Bar 1.94 Oz,1,COOKIES AND CREAM,20 g,20 TO < 25G PROTEIN,521.9,,152.5,,152.5,,9.8,,9.8,,9.8,,9.8,,1,,1,,0.1,,2023-01-08,0.71,,0.2,,0.71,,0.2,,0.71,,0.2,,53.31,,15.6,,53.31,,15.6,,3.42,,53.98,,467.92,,10.3,,16.6,,135.9,,10.9,,1.9,,7.9,,1.9,,7.9,,1.9,,7.9,,0,,0.1,,1.9,,7.9,,1,0,523.42,,152.1,,-1.52,,0.4,,,,,,,,,,,,,,,,,,,,,,,,,,,,,,,,,,,,,,,,,,,,,,,,,,,,,,,,,,,,,,,,,,,,,,,
SOUTHWEST - STANDARD REGION - NAT EXP CHNL,WEEK,10/29/2023,TPL,UPC,RXBAR,08-58030-00843,Rxbar Bub Prtn Nsb Bar Ss 1.84oz (5pk),5,BLUEBERRY,12 g,10 TO < 15G PROTEIN,2964.31,,295.1,,1475.5,,43.5,,43.5,,43.5,,43.5,,1,,1,,0.4,,2023-01-08,1,,0.1,,1,,0.1,,1,,0.1,,68.07,,6.8,,68.07,,6.8,,10.04,,16.16,,2948.14,,0.5,,1.5,,293.6,,0.5,,0.2,,43.3,,0.2,,43.3,,0.2,,43.3,,0,,0.4,,0.2,,43.3,,1,0,2964.31,,295.1,,0,,0,,,,,,,,,,,,,,,,,,,,,,,,,,,,,,,,,,,,,,,,,,,,,,,,,,,,,,,,,,,,,,,,,,,,,,,
TOTAL US - REGIONAL AND INDEPENDENT GROCERY CHANNEL,WEEK,08/13/2023,TPL,UPC,ALOHA,08-42096-10083,Aloha Peanut Butter Choc Chip Bar Og 1.98 Oz,1,CHOCOLATE PEANUT,14 g,10 TO < 15G PROTEIN,3472.09,,1401.8,,1401.8,,8.3,,8.3,,8.3,,8.3,,1,,1,,0.1,,2023-01-08,0.25,,0.1,,0.25,,0.1,,0.25,,0.1,,419.33,,169.3,,419.33,,169.3,,2.48,,240.1,,3231.99,,6.9,,86.3,,1315.5,,6.2,,0.4,,7.9,,0.4,,7.9,,0.4,,7.9,,0,,0.1,,0.4,,7.9,,1,0,3371.43,,1361.9,,100.66,,39.9,,,,,,,,,,,,,,,,,,,,,,,,,,,,,,,,,,,,,,,,,,,,,,,,,,,,,,,,,,,,,,,,,,,,,,,
TOTAL US - REGIONAL AND INDEPENDENT GROCERY CHANNEL,WEEK,05/26/2024,TPL,UPC,T J NELSONS,00-51933-16450,Strawberry Fruit And Grain Cereal Snack Bar 10.4oz,1,STRAWBERRY,2 g,0.5 TO < 5G PROTEIN,59.22,,21.6,,21.6,,0,,0,,0,,0,,1,,1,,0,,2023-11-12,1,,0.4,,1,,0.4,,1,,0.4,,1974,,721.7,,1974,,721.7,,2.74,,26.96,,32.26,,45.5,,10.8,,10.8,,50,,0,,0,,0,,0,,0,,0,,0,,0,,0,,0,,1,0,59.22,,21.6,,0,,0,,,,,,,,,,,,,,,,,,,,,,,,,,,,,,,,,,,,,,,,,,,,,,,,,,,,,,,,,,,,,,,,,,,,,,,
SCHNUCKS - TOTAL US,WEEK,06/04/2023,TPL,UPC,BAREBELLS,08-50000-42941,Barebells Creamy Crisp Protein Bar 1.9 Oz,1,OTHER,20 g,20 TO < 25G PROTEIN,126.99,,51,,51,,12.7,,12.7,,12.7,,12.7,,1,,1,,0.1,,2023-01-22,0.21,,0.1,,0.21,,0.1,,0.21,,0.1,,10.03,,4,,10.03,,4,,2.49,,7.47,,119.52,,5.9,,3,,48,,5.9,,1,,11.7,,1,,11.7,,1,,11.7,,0,,0.1,,1,,11.7,,1,0,126.93,,50.8,,0.06,,0.3,,,,,,,,,,,,,,,,,,,,,,,,,,,,,,,,,,,,,,,,,,,,,,,,,,,,,,,,,,,,,,,,,,,,,,,
WEST MIDWEST - STANDARD REGION - REG AND INDEP GROC CHNL,WEEK,02/22/2026,TPL,UPC,BAREBELLS,08-50064-95047,Barebells Wild Cherry Protein Bar 1.94 Oz,1,BERRY - OTHER SPECIFIC,"","",1200.38,,400.8,,400.8,,23.2,,23.2,,23.2,,23.2,,1,,1,,0.2,,2025-09-07,0.27,,0.1,,0.27,,0.1,,0.27,,0.1,,51.83,,17.3,,51.83,,17.3,,2.99,,44.9,,1155.48,,3.7,,16.1,,384.7,,4,,0.5,,22.6,,0.5,,22.6,,0.5,,22.6,,0,,0.2,,0.5,,22.6,,1,0,1182.88,,393.9,,17.5,,6.9,,,,,,,,,,,,,,,,,,,,,,,,,,,,,,,,,,,,,,,,,,,,,,,,,,,,,,,,,,,,,,,,,,,,,,,
WEST - US CENSUS REGION - NAT EXP CHNL,WEEK,01/29/2023,TPL,UPC,KIND,06-02652-17156,Kind Core Peant Bttr Drk Chclt Perf 1.4 Oz (12pk),12,CHOCOLATE PEANUT,8 g,5 TO < 10G PROTEIN,1689.13,,92.3,,1107.3,,4.7,,4.7,,4.7,,4.7,,1,,1,,0.1,,2023-01-08,1.64,,0.1,,1.64,,0.1,,1.64,,0.1,,362.47,,19.8,,362.47,,19.8,,18.31,,150.67,,1538.46,,8.9,,8.7,,83.6,,9.4,,1.1,,3.5,,1.1,,3.5,,1.1,,3.5,,0,,0,,1.1,,3.5,,1,0,1672.18,,90.9,,16.95,,1.4,,,,,,,,,,,,,,,,,,,,,,,,,,,,,,,,,,,,,,,,,,,,,,,,,,,,,,,,,,,,,,,,,,,,,,,
TOTAL US - NATURAL EXPANDED CHANNEL,WEEK,10/15/2023,TPL,UPC,ORGAIN,08-51770-00640,Orgain Plant Ptn Bar Pnt Btr Og 1.41oz (12pk),12,PEANUT BUTTER,10 g,10 TO < 15G PROTEIN,228.16,,10.9,,131.1,,0.2,,0.2,,0.2,,0.2,,1,,1,,0,,2023-01-08,2.29,,0.1,,2.29,,0.1,,2.29,,0.1,,1037.09,,49.7,,1037.09,,49.7,,20.87,,194.19,,33.98,,85.1,,9.3,,1.6,,85.2,,0.1,,0.1,,0.1,,0.1,,0.1,,0.1,,0,,0,,0.1,,0.1,,1,0,197.89,,9.2,,30.27,,1.7,,,,,,,,,,,,,,,,,,,,,,,,,,,,,,,,,,,,,,,,,,,,,,,,,,,,,,,,,,,,,,,,,,,,,,,
INFRA - TOTAL US,WEEK,04/23/2023,TPL,UPC,BOBOS,08-29262-00347,Bobos Choc Almd Brwn Oat Btes Ogc 1.3oz (5pk),5,CHOCOLATE NUT,3 g,0.5 TO < 5G PROTEIN,97.99,,26.7,,133.5,,3.9,,3.9,,3.9,,3.9,,1,,1,,0,,2023-01-08,0.85,,0.2,,0.85,,0.2,,0.85,,0.2,,25.06,,6.8,,25.06,,6.8,,3.67,,33.15,,64.85,,33.8,,9.5,,17.2,,35.6,,1.2,,2.7,,1.2,,2.7,,1.2,,2.7,,0,,0,,1.2,,2.7,,1,0,84.73,,21.2,,13.26,,5.5,,,,,,,,,,,,,,,,,,,,,,,,,,,,,,,,,,,,,,,,,,,,,,,,,,,,,,,,,,,,,,,,,,,,,,,
SOUTH CENTRAL - STANDARD REGION - NAT EXP CHNL,WEEK,05/18/2025,TPL,UPC,BOBOS,08-29262-00563,Bobos Bluberry Fig Oat Bars 1.5 Oz (5 Pk),5,BLUEBERRY,2 g,0.5 TO < 5G PROTEIN,1614.14,,279.6,,1398,,46,,46,,46,,46,,1,,1,,0.5,,2024-12-08,0.68,,0.1,,0.68,,0.1,,0.68,,0.1,,35.07,,6.1,,35.07,,6.1,,5.77,,141.79,,1472.35,,8.8,,30.2,,249.4,,10.8,,2.2,,43.9,,2.2,,43.9,,2.2,,43.9,,0,,0.4,,2.2,,43.9,,1,0,1568.25,,267.3,,45.89,,12.4,,,,,,,,,,,,,,,,,,,,,,,,,,,,,,,,,,,,,,,,,,,,,,,,,,,,,,,,,,,,,,,,,,,,,,,
EAST MIDWEST - STANDARD REGION - REG AND INDEP GROC CHNL,WEEK,06/16/2024,TPL,UPC,PURE PROTEIN,07-49826-00008,Pure Protein Chocolate Peanut Butter Bar 1.76 Oz (4 Pk),4,CHOCOLATE PEANUT,20 g,20 TO < 25G PROTEIN,2611.74,,370.6,,1482.6,,30,,30,,30,,30,,1,,1,,0.3,,2023-12-10,0.33,,0.1,,0.33,,0.1,,0.33,,0.1,,86.97,,12.3,,86.97,,12.3,,7.05,,54.9,,2556.84,,2.1,,10.1,,360.6,,2.7,,1.7,,28.4,,1.7,,28.4,,1.7,,28.4,,0,,0.3,,1.7,,28.4,,1,0,2611.74,,370.6,,0,,0,,,,,,,,,,,,,,,,,,,,,,,,,,,,,,,,,,,,,,,,,,,,,,,,,,,,,,,,,,,,,,,,,,,,,,,
WEST - US CENSUS REGION - NAT EXP CHNL,WEEK,01/07/2024,TPL,UPC,KODIAK CAKES,07-05599-01841,Kodiak Cakes Pb Ot Sbry Bfst Brs 1.76oz (4pk),4,OTHER,10 g,10 TO < 15G PROTEIN,2349.52,,392.7,,1570.7,,18.7,,18.7,,18.7,,18.7,,1,,1,,0.2,,2023-10-15,0.56,,0.1,,0.56,,0.1,,0.56,,0.1,,125.71,,21,,125.71,,21,,5.98,,6.42,,2343.09,,0.3,,1.6,,391.1,,0.4,,0.1,,18.6,,0.1,,18.6,,0.1,,18.6,,0,,0.2,,0.1,,18.6,,1,0,2349.52,,392.7,,0,,0,,,,,,,,,,,,,,,,,,,,,,,,,,,,,,,,,,,,,,,,,,,,,,,,,,,,,,,,,,,,,,,,,,,,,,,
WEST - COMBINED STANDARD REGION - NAT EXP CHNL,WEEK,01/15/2023,TPL,UPC,TRUVANI,08-51856-00847,Truvani The Only Bar Mint Choc Bar Og 1.76 Oz,1,CHOCOLATE MINT,"","",139.49,,41.7,,41.7,,2.5,,2.5,,2.5,,2.5,,1,,1,,0,,2023-01-08,0.29,,0.1,,0.29,,0.1,,0.29,,0.1,,56.7,,16.9,,56.7,,16.9,,3.35,,15.91,,123.57,,11.4,,6.9,,34.8,,16.5,,0.5,,1.9,,0.5,,1.9,,0.5,,1.9,,0,,0,,0.5,,1.9,,1,0,137.54,,40.4,,1.95,,1.3,,,,,,,,,,,,,,,,,,,,,,,,,,,,,,,,,,,,,,,,,,,,,,,,,,,,,,,,,,,,,,,,,,,,,,,
ALLEGIANCE RETAIL SERVICES X DAGOSTINO - TOTAL US,WEEK,10/29/2023,TPL,UPC,KIND,06-02652-28345,Kind Core Milk Chocolate Almnd 1.4 Oz,1,NUTS AND SEEDS (OTHER THAN PEANUT),6 g,5 TO < 10G PROTEIN,38.63,,17,,17,,15,,15,,15,,15,,1,,1,,0.1,,2023-01-08,0.18,,0.1,,0.18,,0.1,,0.18,,0.1,,2.57,,1.1,,2.57,,1.1,,2.27,,17.91,,20.72,,46.4,,9,,8,,52.9,,6.2,,8.9,,6.2,,8.9,,6.2,,8.9,,0.1,,0.1,,6.2,,8.9,,1,0,27.42,,11.2,,11.21,,5.8,,,,,,,,,,,,,,,,,,,,,,,,,,,,,,,,,,,,,,,,,,,,,,,,,,,,,,,,,,,,,,,,,,,,,,,
SOUTH - US CENSUS REGION - NAT EXP CHNL,WEEK,04/16/2023,TPL,UPC,RXBAR,01-93908-00250,Rxbar Chocolate Raspberry Bar,1,CHOCOLATE,12 g,10 TO < 15G PROTEIN,109.15,,44,,44,,0.9,,0.9,,0.9,,0.9,,1,,1,,0,,2023-01-08,1.71,,0.7,,1.71,,0.7,,1.71,,0.7,,121.28,,48.9,,121.28,,48.9,,2.48,,75.4,,33.75,,69.1,,32.7,,11.3,,74.3,,0.4,,0.5,,0.4,,0.5,,0.4,,0.5,,0,,0,,0.4,,0.5,,1,0,62.01,,21.4,,47.14,,22.6,,,,,,,,,,,,,,,,,,,,,,,,,,,,,,,,,,,,,,,,,,,,,,,,,,,,,,,,,,,,,,,,,,,,,,,
TOTAL US - NATURAL EXPANDED CHANNEL,WEEK,01/04/2026,TPL,UPC,BLAKES SEED BASED,08-50059-88406,Blakes Seed Based Breakfast Prtn Bars Cinn Roll 0.92oz (5pk),5,CINNAMON,5 g,5 TO < 10G PROTEIN,130.31,,19.9,,99.5,,0.8,,0.8,,0.8,,0.8,,1,,1,,0,,2025-12-21,0.34,,0.1,,0.34,,0.1,,0.34,,0.1,,153.31,,23.4,,153.31,,23.4,,6.55,,10.72,,119.58,,8.2,,1.9,,17.9,,9.8,,0.1,,0.7,,0.1,,0.7,,0.1,,0.7,,0,,0,,0.1,,0.7,,1,0,130.31,,19.9,,0,,0,,,,,,,,,,,,,,,,,,,,,,,,,,,,,,,,,,,,,,,,,,,,,,,,,,,,,,,,,,,,,,,,,,,,,,,
WEST MIDWEST - STANDARD REGION - REG AND INDEP GROC CHNL,WEEK,03/05/2023,TPL,UPC,KIND,06-02652-17059,Kind Core Dark Chclt Mch Almnd 1.4 Oz,1,CHOCOLATE,5 g,5 TO < 10G PROTEIN,664.8,,463.6,,463.6,,22.4,,22.4,,22.4,,22.4,,1,,1,,0.2,,2023-01-08,0.16,,0.1,,0.16,,0.1,,0.16,,0.1,,29.74,,20.7,,29.74,,20.7,,1.43,,262.32,,402.48,,39.5,,215.4,,248.2,,46.5,,5,,17.4,,5,,17.4,,5,,17.4,,0.1,,0.2,,5,,17.4,,1,0,505.11,,310.2,,159.69,,153.4,,,,,,,,,,,,,,,,,,,,,,,,,,,,,,,,,,,,,,,,,,,,,,,,,,,,,,,,,,,,,,,,,,,,,,,
SOUTHWEST + SOUTH CENTRAL - COMBINED STANDARD REGION - NAT EXP CHNL,WEEK,10/01/2023,TPL,UPC,CASCADIAN FARM,00-21908-40676,Cascadian Farm Organic Vanilla Chip Granola Snack Bar 7.4oz,6,VANILLA,2 g,0.5 TO < 5G PROTEIN,5242.65,,1209.7,,7258.1,,57.3,,57.3,,57.3,,57.3,,1,,1,,0.6,,2023-01-08,0.77,,0.2,,0.77,,0.2,,0.77,,0.2,,91.53,,21.1,,91.53,,21.1,,4.33,,4960.18,,282.47,,94.6,,1158.5,,51.2,,95.8,,53.3,,4,,53.3,,4,,53.3,,4,,0.5,,0,,53.3,,4,,1,0,3490.21,,671.2,,1752.44,,538.5,,,,,,,,,,,,,,,,,,,,,,,,,,,,,,,,,,,,,,,,,,,,,,,,,,,,,,,,,,,,,,,,,,,,,,,
INFRA - TOTAL US,WEEK,12/17/2023,TPL,UPC,OFF THE FARM,06-11193-21849,Off The Farm Choc Cherry Protein Bar 3 Oz,1,CHOCOLATE,"","",149.14,,42.7,,42.7,,6.1,,6.1,,6.1,,6.1,,1,,1,,0.1,,2023-01-08,0.82,,0.2,,0.82,,0.2,,0.82,,0.2,,24.53,,7,,24.53,,7,,3.5,,23.97,,125.17,,16.1,,7.4,,35.3,,17.3,,1.9,,4.2,,1.9,,4.2,,1.9,,4.2,,0,,0,,1.9,,4.2,,1,0,149.14,,42.7,,0,,0,,,,,,,,,,,,,,,,,,,,,,,,,,,,,,,,,,,,,,,,,,,,,,,,,,,,,,,,,,,,,,,,,,,,,,,
EAST - COMBINED STANDARD REGION - NAT EXP CHNL,WEEK,03/05/2023,TPL,UPC,RXBAR,01-93908-00220,Rxbar Vanilla Almond Bar 1.83oz,1,VANILLA,12 g,10 TO < 15G PROTEIN,1999.84,,712.1,,712.1,,21.5,,21.5,,21.5,,21.5,,1,,1,,0.2,,2023-01-08,0.73,,0.3,,0.73,,0.3,,0.73,,0.3,,92.93,,33.1,,92.93,,33.1,,2.81,,121.31,,1878.54,,6.1,,53.9,,658.2,,7.6,,1.8,,19.8,,1.8,,19.8,,1.8,,19.8,,0,,0.2,,1.8,,19.8,,1,0,1969.07,,688.6,,30.77,,23.5,,,,,,,,,,,,,,,,,,,,,,,,,,,,,,,,,,,,,,,,,,,,,,,,,,,,,,,,,,,,,,,,,,,,,,,
MID-ATLANTIC - STANDARD REGION - NAT EXP CHNL,WEEK,03/26/2023,TPL,UPC,MUNK PACK,08-53787-00548,Munk Pack Almd Chc Chp Grn Br 1.12oz (4pk),4,CHOCOLATE NUT,5 g,5 TO < 10G PROTEIN,1357.51,,195.8,,783.2,,25.1,,25.1,,25.1,,25.1,,1,,1,,0.3,,2023-01-08,0.73,,0.1,,0.73,,0.1,,0.73,,0.1,,54,,7.8,,54,,7.8,,6.93,,259.84,,1097.67,,19.1,,43.5,,152.3,,22.2,,4.7,,20.4,,4.7,,20.4,,4.7,,20.4,,0.1,,0.2,,4.7,,20.4,,1,0,1291.96,,182.8,,65.55,,13,,,,,,,,,,,,,,,,,,,,,,,,,,,,,,,,,,,,,,,,,,,,,,,,,,,,,,,,,,,,,,,,,,,,,,,
NORTH CENTRAL - STANDARD REGION - NAT EXP CHNL,WEEK,01/15/2023,TPL,UPC,KIND,06-02652-29949,Kind Hgb Drizzled Dark Choc Pb 1.16oz (5pk),5,CHOCOLATE,2 g,0.5 TO < 5G PROTEIN,1159.23,,222.8,,1114.1,,30.2,,30.2,,30.2,,30.2,,1,,1,,0.3,,2023-01-08,0.58,,0.1,,0.58,,0.1,,0.58,,0.1,,38.4,,7.4,,38.4,,7.4,,5.2,,61.02,,1098.21,,5.3,,14.1,,208.8,,6.3,,0.8,,29.4,,0.8,,29.4,,0.8,,29.4,,0,,0.3,,0.8,,29.4,,1,0,1158.26,,221.2,,0.97,,1.6,,,,,,,,,,,,,,,,,,,,,,,,,,,,,,,,,,,,,,,,,,,,,,,,,,,,,,,,,,,,,,,,,,,,,,,
CENTRAL - COMBINED STANDARD REGION - NAT EXP CHNL,WEEK,12/03/2023,TPL,UPC,NUSKOOL SNACKS,08-50018-05444,Nuskool Snacks Frn Tst Krnch Bar Ogc 1.34 Oz,1,OTHER,10 g,10 TO < 15G PROTEIN,42.69,,43.1,,43.1,,1.6,,1.6,,1.6,,1.6,,1,,1,,0,,2023-01-08,0.22,,0.2,,0.22,,0.2,,0.22,,0.2,,26.03,,26.3,,26.03,,26.3,,0.99,,22.7,,19.99,,53.2,,22.9,,20.2,,53.2,,1.1,,0.5,,1.1,,0.5,,1.1,,0.5,,0,,0,,1.1,,0.5,,1,0,50.43,,31.7,,-7.74,,11.5,,,,,,,,,,,,,,,,,,,,,,,,,,,,,,,,,,,,,,,,,,,,,,,,,,,,,,,,,,,,,,,,,,,,,,,
FRESH THYME MARKET - TOTAL US,WEEK,05/25/2025,TPL,UPC,SIMPLYPROTEIN,06-86207-40913,Simplyprotein Drk Choc Almnd Bar 1.41oz (4pk),4,CHOCOLATE NUT,13 g,10 TO < 15G PROTEIN,323.53,,47,,188,,43.8,,43.8,,43.8,,43.8,,1,,1,,0.4,,2024-12-01,0.82,,0.1,,0.82,,0.1,,0.82,,0.1,,7.38,,1.1,,7.38,,1.1,,6.88,,8.98,,314.55,,2.8,,2,,45,,4.3,,1.4,,42.4,,1.4,,42.4,,1.4,,42.4,,0,,0.4,,1.4,,42.4,,1,0,323,,46.2,,0.53,,0.8,,,,,,,,,,,,,,,,,,,,,,,,,,,,,,,,,,,,,,,,,,,,,,,,,,,,,,,,,,,,,,,,,,,,,,,
FRESH THYME MARKET - TOTAL US,WEEK,08/17/2025,TPL,UPC,THREE WISHES,08-50016-81381,Three Wishes Chocolate Chip Granola Bars 0.88 (5 Pk),5,CHOCOLATE CHIP / CHUNK,"","",173.4,,25,,125,,32,,32,,32,,32,,1,,1,,0.3,,2025-07-13,0.6,,0.1,,0.6,,0.1,,0.6,,0.1,,5.43,,0.8,,5.43,,0.8,,6.94,,5.64,,167.76,,3.3,,1,,24,,4,,1.3,,30.6,,1.3,,30.6,,1.3,,30.6,,0,,0.3,,1.3,,30.6,,1,0,173.4,,25,,0,,0,,,,,,,,,,,,,,,,,,,,,,,,,,,,,,,,,,,,,,,,,,,,,,,,,,,,,,,,,,,,,,,,,,,,,,,
CENTRAL - COMBINED STANDARD REGION - NAT EXP CHNL,WEEK,01/22/2023,TPL,UPC,NUGO NUTRITION,06-91535-20701,Nugo Slim Crunchy Pnt Btr Bar 1.59 Oz,1,PEANUT BUTTER,16 g,15 TO < 20G PROTEIN,2627.7,,1507.9,,1507.9,,33.8,,33.8,,33.8,,33.8,,1,,1,,0.3,,2023-01-08,0.66,,0.4,,0.66,,0.4,,0.66,,0.4,,77.72,,44.6,,77.72,,44.6,,1.74,,40.57,,2587.14,,1.5,,24.5,,1483.3,,1.6,,0.5,,33.4,,0.5,,33.4,,0.5,,33.4,,0,,0.3,,0.5,,33.4,,1,0,2622.96,,1504.8,,4.74,,3.1,,,,,,,,,,,,,,,,,,,,,,,,,,,,,,,,,,,,,,,,,,,,,,,,,,,,,,,,,,,,,,,,,,,,,,,
WEST - US CENSUS REGION - NAT EXP CHNL,WEEK,12/14/2025,TPL,UPC,TOSI,08-11452-03131,Tosi Crunchy Bar Cashew Coconut Og 1 Oz (5pk),5,NUTS / FRUIT,6 g,5 TO < 10G PROTEIN,2029.62,,290.2,,1451,,14.9,,14.9,,14.9,,14.9,,1,,1,,0.1,,2023-01-08,0.59,,0.1,,0.59,,0.1,,0.59,,0.1,,135.76,,19.4,,135.76,,19.4,,6.99,,1407.66,,621.95,,69.4,,201.8,,88.4,,69.5,,8.7,,6.3,,8.7,,6.3,,8.7,,6.3,,0.1,,0.1,,8.7,,6.3,,1,0,1823.29,,246.4,,206.33,,43.8,,,,,,,,,,,,,,,,,,,,,,,,,,,,,,,,,,,,,,,,,,,,,,,,,,,,,,,,,,,,,,,,,,,,,,,
KINGS FOOD MARKETS - TOTAL US,WEEK,01/19/2025,TPL,UPC,WISE BAR,08-50035-59304,Wise Bar Mocha Coconut Energy Bar 1.9 Oz,1,MOCHA/COFFEE/CAPPUCCINO/JAVA,"","",21.26,,8,,8,,16.9,,16.9,,16.9,,16.9,,1,,1,,0.2,,2024-10-20,0.26,,0.1,,0.26,,0.1,,0.26,,0.1,,1.26,,0.5,,1.26,,0.5,,2.66,,15.93,,5.33,,74.9,,6,,2,,75,,12.7,,4.2,,12.7,,4.2,,12.7,,4.2,,0.1,,0,,12.7,,4.2,,1,0,16.25,,6,,5.01,,2,,,,,,,,,,,,,,,,,,,,,,,,,,,,,,,,,,,,,,,,,,,,,,,,,,,,,,,,,,,,,,,,,,,,,,,
INFRA - TOTAL US,WEEK,08/10/2025,TPL,UPC,ALOHA,08-42096-10881,Aloha Almond Butter Cup Protein Bar Og 1.98 Oz,1,OTHER,14 g,10 TO < 15G PROTEIN,270.45,,102.3,,102.3,,4.7,,4.7,,4.7,,4.7,,1,,1,,0.1,,2025-05-25,1.9,,0.7,,1.9,,0.7,,1.9,,0.7,,57.3,,21.7,,57.3,,21.7,,2.64,,224.5,,45.95,,83,,86,,16.3,,84.1,,3.1,,1.6,,3.1,,1.6,,3.1,,1.6,,0,,0,,3.1,,1.6,,1,0,187.77,,60.3,,82.68,,42,,,,,,,,,,,,,,,,,,,,,,,,,,,,,,,,,,,,,,,,,,,,,,,,,,,,,,,,,,,,,,,,,,,,,,,
CENTRAL - COMBINED STANDARD REGION - NAT EXP CHNL,WEEK,10/08/2023,TPL,UPC,GREENS PLUS,07-69745-50001,Greens Plus Energy Bar Natural Ogc 2.08 Oz,1,GREEN FOODS,10 g,10 TO < 15G PROTEIN,172.54,,62.5,,62.5,,1.2,,1.2,,1.2,,1.2,,1,,1,,0,,2023-01-08,1.19,,0.4,,1.19,,0.4,,1.19,,0.4,,140.28,,50.8,,140.28,,50.8,,2.76,,39.85,,132.69,,23.1,,15.2,,47.3,,24.3,,0.3,,0.9,,0.3,,0.9,,0.3,,0.9,,0,,0,,0.3,,0.9,,1,0,171.71,,61.6,,0.83,,0.9,,,,,,,,,,,,,,,,,,,,,,,,,,,,,,,,,,,,,,,,,,,,,,,,,,,,,,,,,,,,,,,,,,,,,,,
SOUTH - US CENSUS REGION - NAT EXP CHNL,WEEK,10/05/2025,TPL,UPC,MEZCLA,08-50046-58222,Mezcla Hazelnut Chocolate Puff Crispy 1.4 Oz,1,CHOCOLATE,10 g,10 TO < 15G PROTEIN,661.06,,273.4,,273.4,,8.9,,8.9,,8.9,,8.9,,1,,1,,0.1,,2025-01-26,1.02,,0.4,,1.02,,0.4,,1.02,,0.4,,74.19,,30.7,,74.19,,30.7,,2.42,,432.95,,228.12,,65.5,,189.2,,84.2,,69.2,,5.1,,3.9,,5.1,,3.9,,5.1,,3.9,,0.1,,0,,5.1,,3.9,,1,0,538.78,,202.3,,122.28,,71.1,,,,,,,,,,,,,,,,,,,,,,,,,,,,,,,,,,,,,,,,,,,,,,,,,,,,,,,,,,,,,,,,,,,,,,,
SOUTH CENTRAL - STANDARD REGION - NAT EXP CHNL,WEEK,05/07/2023,TPL,UPC,KIZE,08-54198-00420,Kize Peanut Butter Chocolate Chip Bar 1.5 Oz (10 Pk),10,CHOCOLATE PEANUT,9 g,5 TO < 10G PROTEIN,88.42,,4.5,,44.7,,1.4,,1.4,,1.4,,1.4,,1,,1,,0,,2023-01-15,1.21,,0.1,,1.21,,0.1,,1.21,,0.1,,61.83,,3.1,,61.83,,3.1,,19.78,,37.29,,51.13,,42.2,,2.2,,2.2,,49.9,,0.9,,0.5,,0.9,,0.5,,0.9,,0.5,,0,,0,,0.9,,0.5,,1,0,88.42,,4.5,,0,,0,,,,,,,,,,,,,,,,,,,,,,,,,,,,,,,,,,,,,,,,,,,,,,,,,,,,,,,,,,,,,,,,,,,,,,,
FAREWAY STORES - TOTAL US,WEEK,04/02/2023,TPL,UPC,QUEST,08-88849-00000,Quest Cookies N Cream Protein Bar 2.1 Oz,1,COOKIES AND CREAM,21 g,20 TO < 25G PROTEIN,674.09,,229,,229,,61.2,,61.2,,61.2,,61.2,,1,,1,,0.6,,2023-01-08,0.57,,0.2,,0.57,,0.2,,0.57,,0.2,,11.01,,3.7,,11.01,,3.7,,2.94,,20.97,,653.12,,3.1,,11,,218,,4.8,,1.5,,59.8,,1.5,,59.8,,1.5,,59.8,,0,,0.6,,1.5,,59.8,,1,0,666.42,,224.4,,7.67,,4.6,,,,,,,,,,,,,,,,,,,,,,,,,,,,,,,,,,,,,,,,,,,,,,,,,,,,,,,,,,,,,,,,,,,,,,,
FRESH THYME MARKET - TOTAL US,WEEK,10/08/2023,TPL,UPC,LARABAR,00-21908-50915,Larabar Pecan Pie 1.6 Oz,1,NUTS AND SEEDS (OTHER THAN PEANUT),3 g,0.5 TO < 5G PROTEIN,229.84,,136,,136,,62.1,,62.1,,62.1,,62.1,,1,,1,,0.6,,2023-01-08,0.41,,0.2,,0.41,,0.2,,0.41,,0.2,,3.7,,2.2,,3.7,,2.2,,1.69,,204.49,,25.35,,89,,121,,15,,89,,53.3,,8.8,,53.3,,8.8,,53.3,,8.8,,0.5,,0.1,,53.3,,8.8,,1,0,166.39,,87,,63.45,,49,,,,,,,,,,,,,,,,,,,,,,,,,,,,,,,,,,,,,,,,,,,,,,,,,,,,,,,,,,,,,,,,,,,,,,,
SCHNUCKS - TOTAL US,WEEK,12/24/2023,TPL,UPC,GATORADE,00-52000-10430,Gatorade Recover Cks Crm Whey Prot Bar 2.8 Oz,1,COOKIES AND CREAM,20 g,20 TO < 25G PROTEIN,500,,250,,250,,66.3,,66.3,,66.3,,66.3,,1,,1,,0.7,,2023-01-08,0.16,,0.1,,0.16,,0.1,,0.16,,0.1,,7.54,,3.8,,7.54,,3.8,,2,,62,,438,,12.4,,31,,219,,12.4,,14.1,,52.2,,14.1,,52.2,,14.1,,52.2,,0.1,,0.5,,14.1,,52.2,,1,0,495.41,,245.8,,4.59,,4.2,,,,,,,,,,,,,,,,,,,,,,,,,,,,,,,,,,,,,,,,,,,,,,,,,,,,,,,,,,,,,,,,,,,,,,,
TOTAL US - REGIONAL AND INDEPENDENT GROCERY CHANNEL,WEEK,09/17/2023,TPL,UPC,CLIF BUILDERS,07-22252-60141,Clif Builders Choc Pnut Butter Ogc 2.4 Oz,1,CHOCOLATE PEANUT,20 g,20 TO < 25G PROTEIN,15214.67,,6722.5,,6722.5,,33,,33,,33,,33,,1,,1,,0.3,,2023-01-08,0.27,,0.1,,0.27,,0.1,,0.27,,0.1,,460.91,,203.7,,460.91,,203.7,,2.26,,2987.58,,12227.09,,19.6,,1614.2,,5108.3,,24,,6.5,,26.5,,6.5,,26.5,,6.5,,26.5,,0.1,,0.3,,6.5,,26.5,,1,0,14069.72,,5946.7,,1144.95,,775.8,,,,,,,,,,,,,,,,,,,,,,,,,,,,,,,,,,,,,,,,,,,,,,,,,,,,,,,,,,,,,,,,,,,,,,,
GOOD FOOD HOLDINGS - TOTAL US CA,WEEK,07/02/2023,TPL,UPC,PROBAR,08-53152-10007,Probar Superfood Slam Ogc 3 Oz,1,GREEN FOODS,5 g,5 TO < 10G PROTEIN,271.02,,94,,94,,55.6,,55.6,,55.6,,55.6,,1,,1,,0.6,,2023-01-08,0.82,,0.3,,0.82,,0.3,,0.82,,0.3,,4.87,,1.7,,4.87,,1.7,,2.88,,140,,131.02,,51.7,,56,,38,,59.6,,18.3,,37.3,,18.3,,37.3,,18.3,,37.3,,0.2,,0.4,,18.3,,37.3,,1,0,224.19,,65.9,,46.83,,28.1,,,,,,,,,,,,,,,,,,,,,,,,,,,,,,,,,,,,,,,,,,,,,,,,,,,,,,,,,,,,,,,,,,,,,,,
EAST MIDWEST - STANDARD REGION - REG AND INDEP GROC CHNL,WEEK,12/03/2023,TPL,UPC,LOWELL,06-17115-01123,Lowell Sweets Sesakiss Sesame Sesame Sesame Sesame Nut Candy 2.05oz,1,HONEY,7 g,5 TO < 10G PROTEIN,80.37,,101.9,,101.9,,1.1,,1.1,,1.1,,1.1,,1,,1,,0,,2023-01-08,0.26,,0.3,,0.26,,0.3,,0.26,,0.3,,70.5,,89.4,,70.5,,89.4,,0.79,,37.13,,43.24,,46.2,,44.6,,57.3,,43.8,,0.5,,0.6,,0.5,,0.6,,0.5,,0.6,,0,,0,,0.5,,0.6,,1,0,59.48,,73.7,,20.89,,28.2,,,,,,,,,,,,,,,,,,,,,,,,,,,,,,,,,,,,,,,,,,,,,,,,,,,,,,,,,,,,,,,,,,,,,,,
SOUTHWEST + SOUTH CENTRAL - COMBINED STANDARD REGION - NAT EXP CHNL,WEEK,05/21/2023,TPL,UPC,JAMBAR,08-50013-83006,Jambar Jammin Jazzleberry Enrgy Br Og 2.12 Oz,1,BERRY - BLENDS / GENERIC,10 g,10 TO < 15G PROTEIN,97.31,,31.5,,31.5,,1.8,,1.8,,1.8,,1.8,,1,,1,,0,,2023-01-08,0.45,,0.1,,0.45,,0.1,,0.45,,0.1,,53.47,,17.3,,53.47,,17.3,,3.09,,8.51,,88.79,,8.7,,2.9,,28.6,,9.1,,0.4,,1.4,,0.4,,1.4,,0.4,,1.4,,0,,0,,0.4,,1.4,,1,0,98.22,,31.2,,-0.91,,0.3,,,,,,,,,,,,,,,,,,,,,,,,,,,,,,,,,,,,,,,,,,,,,,,,,,,,,,,,,,,,,,,,,,,,,,,
SPROUTS FARMERS MARKET - TOTAL US W/O PL,WEEK,09/03/2023,TPL,UPC,NICKS,08-50009-68231,Nicks Salty Peanut Protein Bar 1.76oz (12pk),12,PEANUT,15 g,15 TO < 20G PROTEIN,191.94,,6,,72,,1.6,,1.6,,1.6,,1.6,,1,,1,,0,,2023-01-08,1.57,,0.1,,1.57,,0.1,,1.57,,0.1,,116.33,,3.6,,116.33,,3.6,,31.99,,95.97,,95.97,,50,,3,,3,,50,,1.1,,0.6,,1.1,,0.6,,1.1,,0.6,,0,,0,,1.1,,0.6,,1,0,191.94,,6,,0,,0,,,,,,,,,,,,,,,,,,,,,,,,,,,,,,,,,,,,,,,,,,,,,,,,,,,,,,,,,,,,,,,,,,,,,,,
MIDWEST - US CENSUS REGION - NAT EXP CHNL,WEEK,09/14/2025,TPL,UPC,1ST PHORM,08-50062-92840,1st Phorm Power Pro Whole Food Protein Bar Chocolate Brownie 2.12oz (15pk),15,CHOCOLATE,15 g,15 TO < 20G PROTEIN,25.78,,7.4,,110.5,,1.4,,1.4,,1.4,,1.4,,1,,1,,0,,2025-08-10,0.29,,0.1,,0.29,,0.1,,0.29,,0.1,,18.96,,5.4,,18.96,,5.4,,3.5,,20.6,,5.19,,79.9,,5.9,,1.5,,79.8,,1,,0.3,,1,,0.3,,1,,0.3,,0,,0,,1,,0.3,,1,0,23.8,,6.4,,1.98,,1,,,,,,,,,,,,,,,,,,,,,,,,,,,,,,,,,,,,,,,,,,,,,,,,,,,,,,,,,,,,,,,,,,,,,,,
WEST - US CENSUS REGION - NAT EXP CHNL,WEEK,05/07/2023,TPL,UPC,BETTY LOUS,00-16073-21602,Betty Lous Grt Stuff Cacao Acai Og 1.5 Oz,1,ACAI,5 g,5 TO < 10G PROTEIN,29.63,,11.7,,11.7,,0.4,,0.4,,0.4,,0.4,,1,,1,,0,,2023-01-08,0.33,,0.1,,0.33,,0.1,,0.33,,0.1,,74.07,,29.1,,74.07,,29.1,,2.54,,9.33,,20.3,,31.5,,3.7,,7.9,,31.9,,0.1,,0.3,,0.1,,0.3,,0.1,,0.3,,0,,0,,0.1,,0.3,,1,0,29.63,,11.7,,0,,0,,,,,,,,,,,,,,,,,,,,,,,,,,,,,,,,,,,,,,,,,,,,,,,,,,,,,,,,,,,,,,,,,,,,,,,
AFS - ASSOCIATED FOOD STORES - TOTAL US,WEEK,04/28/2024,TPL,UPC,SUNBELT BAKERY,00-24300-03198,Sunbelt Bakery Almond Sweet Salty Bars,8,SWEET SALTY,2 g,0.5 TO < 5G PROTEIN,688.38,,343,,2744,,46.9,,46.9,,46.9,,46.9,,1,,1,,0.5,,2024-02-04,0.71,,0.3,,0.71,,0.3,,0.71,,0.3,,14.67,,7.3,,14.67,,7.3,,2.01,,620.4,,67.98,,90.1,,311,,32,,90.7,,42.9,,4.1,,42.9,,4.1,,42.9,,4.1,,0.4,,0,,42.9,,4.1,,1,0,482.04,,175.3,,206.34,,167.7,,,,,,,,,,,,,,,,,,,,,,,,,,,,,,,,,,,,,,,,,,,,,,,,,,,,,,,,,,,,,,,,,,,,,,,
NORTHEAST - STANDARD REGION - REG AND INDEP GROC CHNL,WEEK,09/28/2025,TPL,UPC,FULL CIRCLE MARKET,00-36800-01102,Full Circle Market Crunchy Peanut Butter Energy Bars 2.4 Oz (5pk),5,PEANUT BUTTER,13 g,10 TO < 15G PROTEIN,118.06,,19.2,,96.2,,1.2,,1.2,,1.2,,1.2,,1,,1,,0,,2024-11-24,0.22,,0,,0.22,,0,,0.22,,0,,98.38,,16,,98.38,,16,,6.14,,37.82,,80.24,,32,,7.7,,11.5,,40,,0.5,,0.7,,0.5,,0.7,,0.5,,0.7,,0,,0,,0.5,,0.7,,1,0,113.75,,17.3,,4.31,,1.9,,,,,,,,,,,,,,,,,,,,,,,,,,,,,,,,,,,,,,,,,,,,,,,,,,,,,,,,,,,,,,,,,,,,,,,
NOR. CALIFORNIA - STANDARD REGION - NAT EXP CHNL,WEEK,05/18/2025,TPL,UPC,PEAK PROTEIN,08-60010-61420,Peak Protein Chocolate Peanut Butter Crunch Bar Ogc 2.1 Oz,1,CHOCOLATE NUT,20 g,20 TO < 25G PROTEIN,612.62,,261.4,,261.4,,9.4,,9.4,,9.4,,9.4,,1,,1,,0.1,,2024-10-27,0.86,,0.4,,0.86,,0.4,,0.86,,0.4,,65.1,,27.8,,65.1,,27.8,,2.34,,243.8,,368.82,,39.8,,138.5,,122.9,,53,,2.6,,6.8,,2.6,,6.8,,2.6,,6.8,,0,,0.1,,2.6,,6.8,,1,0,547.02,,184,,65.6,,77.4,,,,,,,,,,,,,,,,,,,,,,,,,,,,,,,,,,,,,,,,,,,,,,,,,,,,,,,,,,,,,,,,,,,,,,,
MORTON WILLIAMS - TOTAL US,WEEK,03/15/2026,TPL,UPC,DAVID,08-50064-30317,David Protein Salted Peanut Butter Protein Bar 2.05 Oz,1,PEANUT BUTTER,"","",559.62,,133,,133,,90.6,,90.6,,90.6,,90.6,,1,,1,,0.9,,2025-03-30,1.92,,0.5,,1.92,,0.5,,1.92,,0.5,,6.17,,1.5,,6.17,,1.5,,4.21,,7.98,,551.64,,1.4,,2,,131,,1.5,,7.2,,83.4,,7.2,,83.4,,7.2,,83.4,,0.1,,0.8,,7.2,,83.4,,1,0,559.62,,133,,0,,0,,,,,,,,,,,,,,,,,,,,,,,,,,,,,,,,,,,,,,,,,,,,,,,,,,,,,,,,,,,,,,,,,,,,,,,
NORTH CENTRAL - STANDARD REGION - NAT EXP CHNL,WEEK,07/02/2023,TPL,UPC,SPECIAL K,00-38000-16773,Kelloggs Special K Pastry Crisps Blueberry Pastry Snack Bar 5.28oz,6,BLUEBERRY,1 g,0.5 TO < 5G PROTEIN,1015.53,,294,,1764.1,,28.2,,28.2,,28.2,,28.2,,1,,1,,0.3,,2023-01-08,0.54,,0.2,,0.54,,0.2,,0.54,,0.2,,36.01,,10.4,,36.01,,10.4,,3.45,,787.94,,227.59,,77.6,,229.9,,64.1,,78.2,,17.2,,11,,17.2,,11,,17.2,,11,,0.2,,0.1,,17.2,,11,,1,0,895.36,,242,,120.17,,52,,,,,,,,,,,,,,,,,,,,,,,,,,,,,,,,,,,,,,,,,,,,,,,,,,,,,,,,,,,,,,,,,,,,,,,
TOTAL US - REGIONAL AND INDEPENDENT GROCERY CHANNEL,WEEK,01/22/2023,TPL,UPC,SPECIAL K,00-38000-16757,Kelloggs Special K Pastry Crisps Strawberry Pastry Snack Bar 15.84oz,18,STRAWBERRY,1 g,0.5 TO < 5G PROTEIN,1073.69,,173.6,,3124.9,,1,,1,,1,,1,,1,,1,,0,,2023-01-08,0.61,,0.1,,0.61,,0.1,,0.61,,0.1,,1032.39,,166.9,,1032.39,,166.9,,6.18,,110.33,,963.36,,10.3,,44.1,,129.5,,25.4,,0.1,,1,,0.1,,1,,0.1,,1,,0,,0,,0.1,,1,,1,0,1007.79,,135.4,,65.9,,38.2,,,,,,,,,,,,,,,,,,,,,,,,,,,,,,,,,,,,,,,,,,,,,,,,,,,,,,,,,,,,,,,,,,,,,,,
NOR. CALIFORNIA + SOUTHWEST - COMBINED STANDARD REGION - NAT EXP CHNL,WEEK,07/30/2023,TPL,UPC,OFF THE FARM,06-11193-21834,Off The Farm Peanut Butter Chocolate Br 2.5oz,1,CHOCOLATE PEANUT,20 g,20 TO < 25G PROTEIN,624.36,,183.8,,183.8,,3.1,,3.1,,3.1,,3.1,,1,,1,,0,,2023-01-08,1.4,,0.4,,1.4,,0.4,,1.4,,0.4,,199.48,,58.7,,199.48,,58.7,,3.4,,183.57,,440.8,,29.4,,62.4,,121.4,,34,,0.9,,2.2,,0.9,,2.2,,0.9,,2.2,,0,,0,,0.9,,2.2,,1,0,556.53,,158.1,,67.83,,25.8,,,,,,,,,,,,,,,,,,,,,,,,,,,,,,,,,,,,,,,,,,,,,,,,,,,,,,,,,,,,,,,,,,,,,,,
SOUTH - US CENSUS REGION - NAT EXP CHNL,WEEK,01/22/2023,TPL,UPC,NICKS,08-50009-68255,Nicks Strawbar Cashew Smak Bar 2.2 Oz,1,NUTS / FRUIT,13 g,10 TO < 15G PROTEIN,459.61,,218.4,,218.4,,17.7,,17.7,,17.7,,17.7,,1,,1,,0.2,,2023-01-08,0.37,,0.2,,0.37,,0.2,,0.37,,0.2,,25.98,,12.3,,25.98,,12.3,,2.1,,364.4,,95.21,,79.3,,186.9,,31.5,,85.6,,13,,4.7,,13,,4.7,,13,,4.7,,0.1,,0.1,,13,,4.7,,1,0,371.24,,131.9,,88.37,,86.5,,,,,,,,,,,,,,,,,,,,,,,,,,,,,,,,,,,,,,,,,,,,,,,,,,,,,,,,,,,,,,,,,,,,,,,
COSENTINOS FOOD STORES - TOTAL US,WEEK,03/19/2023,TPL,UPC,ATKINS,06-37480-02530,Atkins Advantage Chcchp Ck Dgh 2.1 Oz (5 Pk),5,CHOCOLATE CHIP / CHUNK,13 g,10 TO < 15G PROTEIN,271.3,,30,,150,,49.2,,49.2,,49.2,,49.2,,1,,1,,0.5,,2023-02-26,0.49,,0.1,,0.49,,0.1,,0.49,,0.1,,5.51,,0.6,,5.51,,0.6,,9.04,,154.03,,117.27,,56.8,,17,,13,,56.7,,27.7,,21.5,,27.7,,21.5,,27.7,,21.5,,0.3,,0.2,,27.7,,21.5,,1,0,231.87,,25,,39.43,,5,,,,,,,,,,,,,,,,,,,,,,,,,,,,,,,,,,,,,,,,,,,,,,,,,,,,,,,,,,,,,,,,,,,,,,,
WEST MIDWEST - STANDARD REGION - REG AND INDEP GROC CHNL,WEEK,07/16/2023,TPL,UPC,NATURE VALLEY,00-16000-41126,Nature Vlly Crnchy Grn Bar Varty 1.49oz (6pk),6,ASSORTED,3 g,0.5 TO < 5G PROTEIN,5539.64,,1863.1,,11178.7,,57.7,,57.7,,57.7,,57.7,,1,,1,,0.6,,2023-01-08,0.5,,0.2,,0.5,,0.2,,0.5,,0.2,,96.04,,32.3,,96.04,,32.3,,2.97,,4598.62,,941.02,,83,,1630.5,,232.6,,87.5,,42.6,,15,,42.6,,15,,42.6,,15,,0.4,,0.1,,42.6,,15,,1,0,3200.67,,749.1,,2338.97,,1114,,,,,,,,,,,,,,,,,,,,,,,,,,,,,,,,,,,,,,,,,,,,,,,,,,,,,,,,,,,,,,,,,,,,,,,
TOTAL US - NATURAL EXPANDED CHANNEL,WEEK,11/19/2023,TPL,UPC,REESES PUFFS,00-16000-14481,General Mills Reeses Puffs Treats Cocoa Peanut Butter Cereal Snack Bar 6.8oz,8,PEANUT,2 g,0.5 TO < 5G PROTEIN,624.31,,122.8,,982.5,,5.5,,5.5,,5.5,,5.5,,1,,1,,0.1,,2023-01-08,0.25,,0.1,,0.25,,0.1,,0.25,,0.1,,113.1,,22.2,,113.1,,22.2,,5.08,,43.97,,580.34,,7,,12.3,,110.5,,10,,0.9,,4.6,,0.9,,4.6,,0.9,,4.6,,0,,0.1,,0.9,,4.6,,1,0,620.88,,121.8,,3.43,,1,,,,,,,,,,,,,,,,,,,,,,,,,,,,,,,,,,,,,,,,,,,,,,,,,,,,,,,,,,,,,,,,,,,,,,,
NORTHEAST - US CENSUS REGION - REG AND INDEP GROC CHNL,WEEK,09/17/2023,TPL,UPC,ATKINS,06-37480-00450,Atkn1 Chcad Lcmbr Nsb Bar 8.5oz,5,CHOCOLATE NUT,15 g,15 TO < 20G PROTEIN,2208.89,,236.6,,1183,,15.2,,15.2,,15.2,,15.2,,1,,1,,0.1,,2023-01-08,0.32,,0,,0.32,,0,,0.32,,0,,145.8,,15.6,,145.8,,15.6,,9.34,,792.32,,1416.57,,35.9,,97.5,,139.1,,41.2,,6.2,,9,,6.2,,9,,6.2,,9,,0.1,,0.1,,6.2,,9,,1,0,2026.04,,207.4,,182.85,,29.2,,,,,,,,,,,,,,,,,,,,,,,,,,,,,,,,,,,,,,,,,,,,,,,,,,,,,,,,,,,,,,,,,,,,,,,
NOR. CALIFORNIA - STANDARD REGION - NAT EXP CHNL,WEEK,03/01/2026,TPL,UPC,KIND,06-02652-67395,Kind Breakfast Protein Peanut Butter Bars 1.76 Oz (6 Pk),6,PEANUT BUTTER,8 g,5 TO < 10G PROTEIN,2652.56,,334.7,,2008,,57,,57,,57,,57,,1,,1,,0.6,,2026-01-11,0.61,,0.1,,0.61,,0.1,,0.61,,0.1,,46.58,,5.9,,46.58,,5.9,,7.93,,126.68,,2525.88,,4.8,,21.9,,312.8,,6.5,,3,,53.9,,3,,53.9,,3,,53.9,,0,,0.5,,3,,53.9,,1,0,2633.78,,327.2,,18.78,,7.4,,,,,,,,,,,,,,,,,,,,,,,,,,,,,,,,,,,,,,,,,,,,,,,,,,,,,,,,,,,,,,,,,,,,,,,
TOTAL US - REGIONAL AND INDEPENDENT GROCERY CHANNEL,WEEK,11/05/2023,TPL,UPC,FULFIL,08-51724-00823,Fulfil Chocolate Peanut Butter Prtn Br 1.41oz,1,CHOCOLATE,15 g,15 TO < 20G PROTEIN,1361.45,,609.8,,609.8,,5.9,,5.9,,5.9,,5.9,,1,,1,,0.1,,2023-01-08,0.14,,0.1,,0.14,,0.1,,0.14,,0.1,,230.75,,103.4,,230.75,,103.4,,2.23,,87.98,,1273.47,,6.5,,66,,543.9,,10.8,,0.6,,5.3,,0.6,,5.3,,0.6,,5.3,,0,,0.1,,0.6,,5.3,,1,0,1350.62,,586.8,,10.83,,23,,,,,,,,,,,,,,,,,,,,,,,,,,,,,,,,,,,,,,,,,,,,,,,,,,,,,,,,,,,,,,,,,,,,,,,
MIDWEST - US CENSUS REGION - REG AND INDEP GROC CHNL,WEEK,05/28/2023,TPL,UPC,1ST PHORM,08-50036-64855,1st Phorm Pnt Btr Crnch Pwr Pr Br Ogc 2.12 Oz,1,PEANUT BUTTER,15 g,15 TO < 20G PROTEIN,181.03,,77.5,,77.5,,4,,4,,4,,4,,1,,1,,0,,2023-01-08,0.1,,0,,0.1,,0,,0.1,,0,,45.14,,19.3,,45.14,,19.3,,2.33,,178.58,,2.45,,98.6,,76.5,,1.1,,98.6,,4,,0,,4,,0,,4,,0,,0,,0,,4,,0,,1,0,153.33,,57.5,,27.7,,20.1,,,,,,,,,,,,,,,,,,,,,,,,,,,,,,,,,,,,,,,,,,,,,,,,,,,,,,,,,,,,,,,,,,,,,,,
INFRA - TOTAL US,WEEK,01/29/2023,TPL,UPC,MUNK PACK,08-53787-00576,Munk Pack Sea Salt Chc Nt Sd Br 1.23oz,1,CHOCOLATE,5 g,5 TO < 10G PROTEIN,633.84,,323.6,,323.6,,24.7,,24.7,,24.7,,24.7,,1,,1,,0.3,,2023-01-08,0.87,,0.4,,0.87,,0.4,,0.87,,0.4,,25.68,,13.1,,25.68,,13.1,,1.96,,323.38,,310.46,,51,,189,,134.6,,58.4,,14.5,,10.2,,14.5,,10.2,,14.5,,10.2,,0.1,,0.1,,14.5,,10.2,,1,0,521.09,,230.8,,112.75,,92.8,,,,,,,,,,,,,,,,,,,,,,,,,,,,,,,,,,,,,,,,,,,,,,,,,,,,,,,,,,,,,,,,,,,,,,,
EAST MIDWEST - STANDARD REGION - REG AND INDEP GROC CHNL,WEEK,08/13/2023,TPL,UPC,NO COW,08-52346-00558,No Cow Choclt Pnt Bttr Cp Prtn Br 2.12oz(4pk),4,CHOCOLATE PEANUT,20 g,20 TO < 25G PROTEIN,42.67,,5.3,,21.4,,0.9,,0.9,,0.9,,0.9,,1,,1,,0,,2023-01-08,0.17,,0,,0.17,,0,,0.17,,0,,46.89,,5.9,,46.89,,5.9,,7.99,,40.16,,2.51,,94.1,,5,,0.3,,94.2,,0.8,,0.1,,0.8,,0.1,,0.8,,0.1,,0,,0,,0.8,,0.1,,1,0,42.67,,5.3,,0,,0,,,,,,,,,,,,,,,,,,,,,,,,,,,,,,,,,,,,,,,,,,,,,,,,,,,,,,,,,,,,,,,,,,,,,,,
GRAND UNION - TOTAL US,WEEK,07/09/2023,TPL,UPC,PROTEIN ONE,00-16000-14089,Protein One 90cal Bar Strw Crm .96oz (5pk),5,BERRY - BLENDS / GENERIC,10 g,10 TO < 15G PROTEIN,29.66,,5,,25,,33.4,,33.4,,33.4,,33.4,,1,,1,,0.3,,2023-01-15,0.84,,0.1,,0.84,,0.1,,0.84,,0.1,,0.89,,0.1,,0.89,,0.1,,5.93,,3.3,,26.36,,11.1,,1,,4,,20,,8.2,,25.2,,8.2,,25.2,,8.2,,25.2,,0.1,,0.3,,8.2,,25.2,,1,0,29.66,,5,,0,,0,,,,,,,,,,,,,,,,,,,,,,,,,,,,,,,,,,,,,,,,,,,,,,,,,,,,,,,,,,,,,,,,,,,,,,,
INFRA - TOTAL US,WEEK,04/28/2024,TPL,UPC,EVO HEMP,08-50012-77735,Evo Hemp Birthday Cake Hemp Bar 1.7 Oz,1,COOKIE / PASTRY / CAKE,"","",691.95,,223.6,,223.6,,16.9,,16.9,,16.9,,16.9,,1,,1,,0.2,,2023-02-05,1.37,,0.4,,1.37,,0.4,,1.37,,0.4,,40.99,,13.2,,40.99,,13.2,,3.09,,352.62,,339.32,,51,,124,,99.6,,55.4,,9.8,,7,,9.8,,7,,9.8,,7,,0.1,,0.1,,9.8,,7,,1,0,557.25,,166.2,,134.7,,57.4,,,,,,,,,,,,,,,,,,,,,,,,,,,,,,,,,,,,,,,,,,,,,,,,,,,,,,,,,,,,,,,,,,,,,,,
SOUTH - US CENSUS REGION - REG AND INDEP GROC CHNL,WEEK,03/05/2023,TPL,UPC,SUNBELT,00-24300-03171,Sunbelt Bakery Blueberry Fruit And Grain Snack Bar 11oz,8,BLUEBERRY,2 g,0.5 TO < 5G PROTEIN,1162.7,,401.9,,3215.6,,7.4,,7.4,,7.4,,7.4,,1,,1,,0.1,,2023-01-08,0.36,,0.1,,0.36,,0.1,,0.36,,0.1,,156.49,,54.1,,156.49,,54.1,,2.89,,62.18,,1100.53,,5.3,,22.1,,379.9,,5.5,,0.5,,6.9,,0.5,,6.9,,0.5,,6.9,,0,,0.1,,0.5,,6.9,,1,0,1163.02,,401.4,,-0.32,,0.6,,,,,,,,,,,,,,,,,,,,,,,,,,,,,,,,,,,,,,,,,,,,,,,,,,,,,,,,,,,,,,,,,,,,,,,
TOTAL US - REGIONAL AND INDEPENDENT GROCERY CHANNEL,WEEK,06/09/2024,TPL,UPC,ATKINS,06-37480-00321,+atkn1 Vmcnt Engy Nsb Bar 8.82oz,5,UNKNOWN,4 g,0.5 TO < 5G PROTEIN,4508.98,,450.8,,2253.9,,9,,9,,9,,9,,1,,1,,0.1,,2023-09-24,0.3,,0,,0.3,,0,,0.3,,0,,500.44,,50,,500.44,,50,,10,,260.1,,4248.88,,5.8,,31.4,,419.4,,7,,0.8,,8.3,,0.8,,8.3,,0.8,,8.3,,0,,0.1,,0.8,,8.3,,1,0,4508.5,,448.3,,0.48,,2.5,,,,,,,,,,,,,,,,,,,,,,,,,,,,,,,,,,,,,,,,,,,,,,,,,,,,,,,,,,,,,,,,,,,,,,,
AMERICAS FOOD BASKET - TOTAL US,WEEK,10/08/2023,TPL,UPC,CASCADIAN FARM,00-21908-12193,Cascadian Farm Choc Drizzle Br Og 1.2oz (5pk),5,CHOCOLATE,2 g,0.5 TO < 5G PROTEIN,41.62,,8,,40,,8.9,,8.9,,8.9,,8.9,,1,,1,,0.1,,2023-01-08,0.88,,0.2,,0.88,,0.2,,0.88,,0.2,,4.69,,0.9,,4.69,,0.9,,5.2,,36.63,,4.99,,88,,7,,1,,87.5,,5.3,,3.5,,5.3,,3.5,,5.3,,3.5,,0.1,,0,,5.3,,3.5,,1,0,15.92,,3,,25.7,,5,,,,,,,,,,,,,,,,,,,,,,,,,,,,,,,,,,,,,,,,,,,,,,,,,,,,,,,,,,,,,,,,,,,,,,,
WEST - COMBINED STANDARD REGION - NAT EXP CHNL,WEEK,12/10/2023,TPL,UPC,BUILT BAR,08-40229-30119,Built Satled Caramel Bar 1.69oz,1,CARAMEL,17 g,15 TO < 20G PROTEIN,614.47,,203.8,,203.8,,13.5,,13.5,,13.5,,13.5,,1,,1,,0.1,,2023-01-08,0.23,,0.1,,0.23,,0.1,,0.23,,0.1,,45.58,,15.1,,45.58,,15.1,,3.02,,3,,611.46,,0.5,,1.4,,202.4,,0.7,,0.2,,13.2,,0.2,,13.2,,0.2,,13.2,,0,,0.1,,0.2,,13.2,,1,0,614.47,,203.8,,0,,0,,,,,,,,,,,,,,,,,,,,,,,,,,,,,,,,,,,,,,,,,,,,,,,,,,,,,,,,,,,,,,,,,,,,,,,
