Channel/Outlet,Geography Level,Retail Account,Retail Account Level,Geography,Time Period,Time Period End Date,Product Universe,Product Level,Department,Category,Subcategory,Brand,UPC,Description,PACK COUNT,FLAVOR,NFP - PROTEIN,NFP RANGES - PROTEIN VALUE,STORAGE,UNIT OF MEASURE,NFP - SUGARS,NFP - CALORIES,Dollars,"Dollars, Yago",Units,"Units, Yago",EQ Units,"EQ Units, Yago",Avg % ACV,"Avg % ACV, Yago",Max % ACV,"Max % ACV, Yago",TDP,"TDP, Yago",Average Weekly TDP,"Average Weekly TDP, Yago",Average Items Selling,"Average Items Selling, Yago",Number of Weeks Selling,"Number of Weeks Selling, Yago",Weight Weeks,"Weight Weeks, Yago",First Week Selling,Dollars SPM,"Dollars SPM, Yago",Units SPM,"Units SPM, Yago",Average Weekly Dollars SPM,"Average Weekly Dollars SPM, Yago",Average Weekly Units SPM,"Average Weekly Units SPM, Yago",Dollars SPM Per Item,"Dollars SPM Per Item, Yago",Units SPM Per Item,"Units SPM Per Item, Yago",Dollars SPP,"Dollars SPP, Yago",Units SPP,"Units SPP, Yago",Dollars/TDP,"Dollars/TDP, Yago",Units/TDP,"Units/TDP, Yago",ARP,"ARP, Yago","Dollars, Promo","Dollars, Promo, Yago","Dollars, Non-Promo","Dollars, Non-Promo, Yago","Dollars, % Promo","Dollars, % Promo, Yago","Units, Promo","Units, Promo, Yago","Units, Non-Promo","Units, Non-Promo, Yago","Units, % Promo","Units, % Promo, Yago","Avg % ACV, Any Promo","Avg % ACV, Any Promo, Yago","Avg % ACV, Non-Promo","Avg % ACV, Non-Promo, Yago","Max % ACV, Any Promo","Max % ACV, Any Promo, Yago","Max % ACV, Non-Promo","Max % ACV, Non-Promo, Yago","TDP, Any Promo","TDP, Any Promo, Yago","TDP, Non-Promo","TDP, Non-Promo, Yago","Weight Weeks, Any Promo","Weight Weeks, Any Promo, Yago","Weight Weeks, Non-Promo","Weight Weeks, Non-Promo, Yago","Average Weekly TDP, Any Promo","Average Weekly TDP, Any Promo, Yago","Average Weekly TDP, Non-Promo","Average Weekly TDP, Non-Promo, Yago",Promo Weeks,"Promo Weeks, Yago",Base Dollars,"Base Dollars, Yago",Base Units,"Base Units, Yago",Incr Dollars,"Incr Dollars, Yago",Incr Units,"Incr Units, Yago",Base ARP,"Base ARP, Yago","Base ARP, Promo","Base ARP, Promo, Yago","ARP % Discount, Any Promo","ARP % Discount, Any Promo, Yago","ARP, Promo","ARP, Promo, Yago","ARP, Non-Promo","ARP, Non-Promo, Yago","# of Stores","# of Stores, Yago","# of Stores Selling","# of Stores Selling, Yago",% of Stores Selling,"% of Stores Selling, Yago",Average Weekly Dollars Per Store Selling Per Item,"Average Weekly Dollars Per Store Selling Per Item, Yago",Average Weekly Units Per Store Selling Per Item,"Average Weekly Units Per Store Selling Per Item, Yago",Average Weekly Dollars,"Average Weekly Dollars, Yago",Average Weekly Dollars per Store Selling,"Average Weekly Dollars per Store Selling, Yago",Average Weekly Units,"Average Weekly Units, Yago",Average Weekly Units per Store Selling,"Average Weekly Units per Store Selling, Yago",Dollars per Store Selling,"Dollars per Store Selling, Yago",Dollars Per Store Selling Per Item,"Dollars Per Store Selling Per Item, Yago",Units per Store Selling,"Units per Store Selling, Yago",Units Per Store Selling Per Item,"Units Per Store Selling Per Item, Yago","Dollar ,% Lift, TPR","Dollar ,% Lift, TPR, Yago","Dollar ,% Lift, Any Display","Dollar ,% Lift, Any Display, Yago","Dollar ,% Lift, Any Feature","Dollar ,% Lift, Any Feature, Yago","Dollar ,% Lift, Display Only","Dollar ,% Lift, Display Only, Yago","Dollar ,% Lift, Feature & Display","Dollar ,% Lift, Feature & Display, Yago","Dollar ,% Lift, Feature Only","Dollar ,% Lift, Feature Only, Yago","Dollar ,% Lift, SPK","Dollar ,% Lift, SPK, Yago","Units ,% Lift, Any Display","Units ,% Lift, Any Display, Yago","Units ,% Lift, Any Feature","Units ,% Lift, Any Feature, Yago","Units ,% Lift, Display Only","Units ,% Lift, Display Only, Yago","Units ,% Lift, Feature Only","Units ,% Lift, Feature Only, Yago","Units ,% Lift, Feature & Display","Units ,% Lift, Feature & Display, Yago","Units ,% Lift, SPK","Units ,% Lift, SPK, Yago","Units ,% Lift, TPR","Units ,% Lift, TPR, Yago","ARP % Discount, Any Display","ARP % Discount, Any Display, Yago","ARP % Discount, Any Feature","ARP % Discount, Any Feature, Yago","ARP % Discount, Display Only","ARP % Discount, Display Only, Yago","ARP % Discount, Feature & Display","ARP % Discount, Feature & Display, Yago","ARP % Discount, Feature Only","ARP % Discount, Feature Only, Yago","ARP % Discount, TPR Only","ARP % Discount, TPR Only, Yago","ARP % Discount, SPK","ARP % Discount, SPK, Yago","Base ARP, Any Display","Base ARP, Any Display, Yago","Base ARP, Any Feature","Base ARP, Any Feature, Yago","Base ARP, Display Only","Base ARP, Display Only, Yago","Base ARP, Feature & Display","Base ARP, Feature & Display, Yago","Base ARP, Feature Only","Base ARP, Feature Only, Yago","Base ARP, SPK","Base ARP, SPK, Yago","Base ARP, TPR","Base ARP, TPR, Yago","ARP, Any Display","ARP, Any Display, Yago","ARP, Any Feature","ARP, Any Feature, Yago","ARP, Display Only","ARP, Display Only, Yago","ARP, Feature & Display","ARP, Feature & Display, Yago","ARP, Feature Only","ARP, Feature Only, Yago","ARP, SPK","ARP, SPK, Yago","ARP, TPR","ARP, TPR, Yago"
CONVENTIONAL|MULTI OUTLET,CRMA,SOUTHEASTERN GROCERS,TOTAL CORPORATE,SOUTHEASTERN GROCERS CORP - MULO CRMA,WEEK,09/17/2023,TPL,UPC,GROCERY,WELLNESS & SNACK BARS,GRANOLA & SNACK BARS,BOBOS,08-29262-00034,Bobos Apl Pie Stffd Oat Bites Ogc 1.3oz (5pk),5,APPLE,2 g,0.5 TO < 5G PROTEIN,SHELF STABLE,OUNCE,11 g,140 calories,16320.8,,3684.9,,18424.5,,52.5,,52.5,,52.5,,52.5,,1,,1,,0.5,,2023-01-08,0.22,,0.1,,0.22,,0.1,,0.22,,0.1,,310.93,,70.2,,310.93,,70.2,,4.43,,1095.02,,15225.78,,6.7,,290.9,,3394,,7.9,,2,,50.5,,2,,50.5,,2,,50.5,,0,,0.5,,2,,50.5,,1,0,16075.31,,3592.7,,245.49,,92.2,,4.5,,4.68,,19.5,,3.76,,4.49,,7716,,1498,,19.4,,10.9,,2.5,,16320.8,,10.9,,3684.9,,2.5,,10.9,,10.9,,2.5,,2.5,,28.9,,,,,,,,,,,,,,,,,,,,,,,,,,46.4,,,,,,,,,,,,19.5,,,,,,,,,,,,,,,,4.68,,,,,,,,,,,,,,3.76,
CONVENTIONAL|FOOD,RMA,DIERBERGS,TOTAL CORPORATE,DIERBERGS MARKETS - RMA,WEEK,04/16/2023,TPL,UPC,GROCERY,WELLNESS & SNACK BARS,WELLNESS & NUTRITION BARS,FULFIL,08-51724-00824,Fulfil Chocolate Salted Caraml Prtn Br 1.41oz,1,CHOCOLATE,15 g,15 TO < 20G PROTEIN,SHELF STABLE,OUNCE,1 g,160 calories,268.41,,114.4,,114.4,,96.4,,96.4,,96.4,,96.4,,1,,1,,1,,2023-01-08,0.28,,0.1,,0.28,,0.1,,0.28,,0.1,,2.78,,1.2,,2.78,,1.2,,2.35,,13.41,,255,,5,,6.2,,108.2,,5.5,,6.2,,90.2,,6.2,,90.2,,6.2,,90.2,,0.1,,0.9,,6.2,,90.2,,1,0,268.56,,114,,-0.15,,0.4,,2.36,,2.35,,8.7,,2.15,,2.36,,27,,26,,96.2,,10.34,,4.4,,268.41,,10.34,,114.4,,4.4,,10.34,,10.34,,4.4,,4.4,,-1.1,,,,,,,,,,,,,,,,,,,,,,,,,,6.8,,,,,,,,,,,,8.7,,,,,,,,,,,,,,,,2.35,,,,,,,,,,,,,,2.15,
CONVENTIONAL|FOOD,RMA,HY-VEE,TOTAL CORPORATE,HY-VEE CORP - RMA,WEEK,12/10/2023,TPL,UPC,GROCERY,WELLNESS & SNACK BARS,WELLNESS & NUTRITION BARS,ONE BAR,07-88434-10675,One Bar Mple Glaze Dghnut Protein Bar 2.12 Oz,1,MAPLE,20 g,20 TO < 25G PROTEIN,SHELF STABLE,OUNCE,1 g,230 calories,722.58,,250,,250,,50.4,,50.4,,50.4,,50.4,,1,,1,,0.5,,2023-01-08,0.14,,0.1,,0.14,,0.1,,0.14,,0.1,,14.34,,5,,14.34,,5,,2.89,,36.79,,685.79,,5.1,,14,,236,,5.6,,3.4,,47,,3.4,,47,,3.4,,47,,0,,0.5,,3.4,,47,,1,0,707.07,,243.6,,15.51,,6.4,,2.91,,2.92,,10.1,,2.63,,2.91,,267,,102,,38.2,,7.08,,2.5,,722.58,,7.08,,250,,2.5,,7.08,,7.08,,2.5,,2.5,,72.9,,,,,,,,,,,,,,,,,,,,,,,,,,84.5,,,,,,,,,,,,10.1,,,,,,,,,,,,,,,,2.92,,,,,,,,,,,,,,2.63,
CONVENTIONAL|MULTI OUTLET,CRMA,UNFI,TOTAL CORPORATE,UNFI (SUPERVALU) TOTAL ENTERPRISE - MULO CRMA,WEEK,06/25/2023,TPL,UPC,GROCERY,WELLNESS & SNACK BARS,GRANOLA & SNACK BARS,KIND,06-02652-25601,Kind Healthy Grain Bar Pb Dc 1.2oz (15pk),15,CHOCOLATE PEANUT,3 g,0.5 TO < 5G PROTEIN,SHELF STABLE,OUNCE,7 g,150 calories,75469.52,,8415.9,,126238.6,,27.5,,27.5,,27.5,,27.5,,1,,1,,0.3,,2023-01-08,0.24,,0,,0.24,,0,,0.24,,0,,2742.35,,305.8,,2742.35,,305.8,,8.97,,5580.52,,69889,,7.4,,828.4,,7587.5,,9.8,,2.6,,24.9,,2.6,,24.9,,2.6,,24.9,,0,,0.3,,2.6,,24.9,,1,0,74107.24,,8081.7,,1362.28,,334.2,,9.23,,9.36,,28,,6.74,,9.21,,47464,,4068,,8.6,,18.56,,2.1,,75469.52,,18.56,,8415.9,,2.1,,18.56,,18.56,,2.1,,2.1,,32.1,,116.6,,,,116.6,,,,,,,,118.8,,,,118.8,,,,,,,,67.5,,0,,,,0,,,,,,28.1,,,,9.68,,,,9.68,,,,,,,,9.36,,9.68,,,,9.68,,,,,,,,6.73,
CONVENTIONAL|MULTI OUTLET,CRMA,WALGREENS BOOTS ALLIANCE,TOTAL CORPORATE,WALGREENS BOOTS ALLIANCE (WBA) CORP - MULO CRMA,WEEK,09/10/2023,TPL,UPC,GROCERY,WELLNESS & SNACK BARS,GRANOLA & SNACK BARS,SUNBELT,00-24300-03112,Sunbelt Bakery Peanut Butter Chocolate Chip Granola Snack Bar 10.21oz,10,CHOCOLATE PEANUT,2 g,0.5 TO < 5G PROTEIN,SHELF STABLE,OUNCE,9 g,130 calories,174032.87,,59079.9,,590799.4,,38,,38,,38,,38,,1,,1,,0.4,,2023-01-08,0.42,,0.1,,0.42,,0.1,,0.42,,0.1,,4585.85,,1556.8,,4585.85,,1556.8,,2.95,,34514.56,,139518.31,,19.8,,11909.4,,47170.5,,20.2,,5.2,,32.8,,5.2,,32.8,,5.2,,32.8,,0.1,,0.3,,5.2,,32.8,,1,0,167949.4,,56717.5,,6083.47,,2362.4,,2.97,,3,,3.4,,2.9,,2.96,,86633,,9651,,11.1,,18.03,,6.1,,174032.87,,18.03,,59079.9,,6.1,,18.03,,18.03,,6.1,,6.1,,41.4,,19.4,,34,,18.1,,53.4,,20.7,,,,20.6,,55.2,,18.5,,42.6,,72.8,,,,56.8,,1.4,,16.5,,0.5,,16.5,,16.6,,12.4,,,,2.98,,3,,2.98,,3,,3,,,,3.14,,2.94,,2.5,,2.97,,2.51,,2.5,,,,2.75,
CONVENTIONAL|MULTI OUTLET,CRMA,KROGER,TOTAL CORPORATE,"KROGER CORP W/ HARRIS TEETER, ROUNDYS AND RULER - MULO CRMA",WEEK,03/05/2023,TPL,UPC,GROCERY,WELLNESS & SNACK BARS,WELLNESS & NUTRITION BARS,CLIF ZBAR,07-22252-28410,Clif Zbar Blueberry Muffin 7.62 Oz,1,BLUEBERRY,2 g,0.5 TO < 5G PROTEIN,SHELF STABLE,OUNCE,10 g,140 calories,13173.13,,2602.4,,2602.4,,6.6,,6.6,,6.6,,6.6,,1,,1,,0.1,,2023-01-08,0.14,,0,,0.14,,0,,0.14,,0,,2005.04,,396.1,,2005.04,,396.1,,5.06,,9444.93,,3728.2,,71.7,,1855,,747.4,,71.3,,4.7,,1.9,,4.7,,1.9,,4.7,,1.9,,0.1,,0,,4.7,,1.9,,1,0,11115.9,,1944,,2057.23,,658.4,,6.18,,6.66,,23.5,,5.09,,4.99,,38445,,1242,,3.2,,10.61,,2.1,,13173.13,,10.61,,2602.4,,2.1,,10.61,,10.61,,2.1,,2.1,,19.4,,17.6,,29.8,,17.6,,,,29.8,,,,69.6,,56.4,,69.6,,56.4,,,,,,49.6,,30.6,,22.8,,30.6,,,,22.8,,26.4,,,,6.48,,6.8,,6.48,,,,6.8,,,,6.09,,4.5,,5.25,,4.5,,,,5.25,,,,4.48,
CONVENTIONAL|MULTI OUTLET,CRMA,PUBLIX,TOTAL CORPORATE,PUBLIX CORP - MULO CRMA,WEEK,02/15/2026,TPL,UPC,GROCERY,WELLNESS & SNACK BARS,GRANOLA & SNACK BARS,KIND,06-02652-67056,Kind Healthy Grains Energy Chocolate Chunk 1.4 Oz (5pk),5,CHOCOLATE,3 g,0.5 TO < 5G PROTEIN,SHELF STABLE,OUNCE,8 g,170 calories,17827.78,,7228.6,,36142.9,,26.4,,26.4,,26.4,,26.4,,1,,1,,0.3,,2025-04-27,0.19,,0.1,,0.19,,0.1,,0.19,,0.1,,675.55,,273.9,,675.55,,273.9,,2.47,,11987.4,,5840.38,,67.2,,5998.5,,1230,,83,,15.9,,10.5,,15.9,,10.5,,15.9,,10.5,,0.2,,0.1,,15.9,,10.5,,1,0,10428.3,,2182,,7399.48,,5046.6,,4.96,,5,,60,,2,,4.75,,15103,15218,1849,,12.2,,9.64,,3.9,,17827.78,,9.64,,7228.6,,3.9,,9.64,,9.64,,3.9,,3.9,,160,,308,,,,308,,,,,,,,866.8,,,,866.8,,,,,,,,527.4,,57.6,,,,57.6,,,,,,60.1,,,,4.98,,,,4.98,,,,,,,,5,,2.11,,,,2.11,,,,,,,,2,
CONVENTIONAL|MULTI OUTLET,CRMA,BJS,TOTAL CORPORATE,BJS CORP - MULO CRMA,WEEK,08/27/2023,TPL,UPC,GROCERY,WELLNESS & SNACK BARS,GRANOLA & SNACK BARS,NATURE VALLEY,00-16000-44646,Nat Valley Sft Bkd Cinn Otml Sq 1.24oz (12pk),12,CINNAMON,2 g,0.5 TO < 5G PROTEIN,SHELF STABLE,OUNCE,9 g,150 calories,63247.35,,9467.6,,113611.4,,34.3,,34.3,,34.3,,34.3,,1,,1,,0.3,,2023-01-08,0.36,,0.1,,0.36,,0.1,,0.36,,0.1,,1843.41,,275.9,,1843.41,,275.9,,6.68,,14144.58,,49102.77,,22.4,,2399.6,,7068,,25.3,,6.1,,28.2,,6.1,,28.2,,6.1,,28.2,,0.1,,0.3,,6.1,,28.2,,1,0,59188.2,,8569.9,,4059.15,,897.7,,6.98,,7.09,,16.8,,5.89,,6.95,,21283,,2222,,10.4,,28.48,,4.3,,63247.35,,28.48,,9467.6,,4.3,,28.48,,28.48,,4.3,,4.3,,40.2,,,,,,,,,,,,,,,,,,,,,,,,,,59.8,,,,,,,,,,,,16.8,,,,,,,,,,,,,,,,7.09,,,,,,,,,,,,,,5.89,
CONVENTIONAL|MULTI OUTLET,CRMA,BJS,TOTAL CORPORATE,BJS CORP - MULO CRMA,WEEK,10/29/2023,TPL,UPC,GROCERY,WELLNESS & SNACK BARS,WELLNESS & NUTRITION BARS,QUEST,08-88849-01270,Quest Chcl Chp Ck Dgh Prtn Brs .81 Oz (14 Pk),14,CHOCOLATE CHIP / CHUNK,8 g,5 TO < 10G PROTEIN,SHELF STABLE,OUNCE,1 g,80 calories,19381.38,,1179.6,,16514.2,,8.7,,8.7,,8.7,,8.7,,1,,1,,0.1,,2023-01-08,0.24,,0,,0.24,,0,,0.24,,0,,2227.74,,135.6,,2227.74,,135.6,,16.43,,7972.68,,11408.7,,41.1,,504,,675.6,,42.7,,4,,4.8,,4,,4.8,,4,,4.8,,0,,0.1,,4,,4.8,,1,0,16341.46,,973.5,,3039.92,,206,,16.87,,16.84,,6.1,,15.82,,16.89,,21200,,623,,2.9,,31.08,,1.9,,19381.38,,31.08,,1179.6,,1.9,,31.08,,31.08,,1.9,,1.9,,23.7,,82,,95.7,,82,,,,95.7,,,,84.7,,109.7,,84.7,,109.7,,,,,,38.1,,1,,8.9,,1,,,,8.9,,14.9,,,,16.6,,17.45,,16.6,,,,17.45,,,,17.14,,16.43,,15.9,,16.43,,,,15.9,,,,14.58,
CONVENTIONAL|MULTI OUTLET,CRMA,CVS,TOTAL CORPORATE,CVS CORP TTL - MULO CRMA,WEEK,07/30/2023,TPL,UPC,GROCERY,WELLNESS & SNACK BARS,GRANOLA & SNACK BARS,PRIVATE LABEL,22-14531-60916,PRIVATE LABEL SHELF STABLE COOKIE / PASTRY / CAKE INDIVDL WRAP IN BOX BAR WHOLE GRAIN 7.62 OZ 6 CT - 1081340028,6,COOKIE / PASTRY / CAKE,"","",SHELF STABLE,OUNCE,"","",31635.26,,8431.7,,50590.4,,20.9,,20.9,,20.9,,20.9,,1,,1,,0.2,,2023-01-08,0.1,,0,,0.1,,0,,0.1,,0,,1512.2,,403,,1512.2,,403,,3.75,,4661.13,,26974.13,,14.7,,1309.7,,7122.1,,15.5,,1.5,,19.4,,1.5,,19.4,,1.5,,19.4,,0,,0.2,,1.5,,19.4,,1,0,30420.62,,8002.7,,1214.64,,429,,3.84,,4.09,,13.1,,3.56,,3.79,,79507,,3506,,4.4,,9.01,,2.4,,31635.26,,9.01,,8431.7,,2.4,,9.01,,9.01,,2.4,,2.4,,26.9,,43.1,,,,43.1,,,,,,,,57.7,,,,57.7,,,,,,,,39.5,,11.1,,,,11.1,,,,,,15.3,,,,4.06,,,,4.06,,,,,,,,4.14,,3.6,,,,3.6,,,,,,,,3.51,
CONVENTIONAL|MULTI OUTLET,CRMA,KROGER,TOTAL CORPORATE,"KROGER CORP W/ HARRIS TEETER, ROUNDYS AND RULER - MULO CRMA",WEEK,02/23/2025,TPL,UPC,GROCERY,WELLNESS & SNACK BARS,WELLNESS & NUTRITION BARS,CLIF BAR,07-22252-06888,Clif Bar Pnt Btr Bnna Drk Chc Ogc 2.4oz (5pk),5,CHOCOLATE PEANUT,10 g,10 TO < 15G PROTEIN,SHELF STABLE,OUNCE,17 g,250 calories,78938.22,,11620,,58099.8,,39.2,,39.2,,39.2,,39.2,,1,,1,,0.4,,2024-03-31,0.28,,0,,0.28,,0,,0.28,,0,,2013.22,,296.4,,2013.22,,296.4,,6.79,,18276.44,,60661.78,,23.2,,2830.5,,8789.5,,24.4,,7.4,,31.8,,7.4,,31.8,,7.4,,31.8,,0.1,,0.3,,7.4,,31.8,,1,0,74290.44,,10695.9,,4647.78,,924.1,,7.05,,7.5,,13.9,,6.46,,6.9,,37762,38303,5404,,14.3,,14.61,,2.1,,78938.22,,14.61,,11620,,2.1,,14.61,,14.61,,2.1,,2.1,,34,,31.5,,44.3,,31.1,,142.8,,43.4,,,,34.2,,49.5,,33.9,,48.6,,168.2,,,,49.9,,1.1,,11.5,,1,,10.3,,11.6,,15,,,,6.8,,8,,6.79,,9.42,,7.98,,,,7.54,,6.73,,7.08,,6.72,,8.46,,7.06,,,,6.41,
CONVENTIONAL|FOOD,RMA,MEIJER,TOTAL CORPORATE,MEIJER CORP - RMA,WEEK,10/01/2023,TPL,UPC,GROCERY,WELLNESS & SNACK BARS,WELLNESS & NUTRITION BARS,QUEST,08-88849-00389,Quest Protein Bars Smore 2.1 Oz (4pk),4,CHOCOLATE,21 g,20 TO < 25G PROTEIN,SHELF STABLE,OUNCE,1 g,190 calories,2378.39,,254,,1016,,56.4,,56.4,,56.4,,56.4,,1,,1,,0.6,,2023-01-08,0.25,,0,,0.25,,0,,0.25,,0,,42.16,,4.5,,42.16,,4.5,,9.36,,286.13,,2092.26,,12,,31,,223,,12.2,,7.9,,48.5,,7.9,,48.5,,7.9,,48.5,,0.1,,0.5,,7.9,,48.5,,1,0,2332.43,,248.6,,45.96,,5.4,,9.38,,9.39,,1.7,,9.23,,9.38,,267,,147,,55.1,,16.18,,1.7,,2378.39,,16.18,,254,,1.7,,16.18,,16.18,,1.7,,1.7,,182.9,,13.3,,,,13.3,,,,,,,,13.3,,,,13.3,,,,,,,,240.9,,0,,,,0,,,,,,17,,,,9.38,,,,9.38,,,,,,,,9.43,,9.38,,,,9.38,,,,,,,,7.83,
CONVENTIONAL|FOOD,RMA,BIG Y,TOTAL CORPORATE,BIG Y - RMA,WEEK,08/13/2023,TPL,UPC,GROCERY,WELLNESS & SNACK BARS,WELLNESS & NUTRITION BARS,HONEY STINGER,08-10815-02109,Honey Stinger Waffle Vanilla Og 1.3 Oz,1,VANILLA,1 g,0.5 TO < 5G PROTEIN,SHELF STABLE,OUNCE,10 g,150 calories,184.81,,117,,117,,50.9,,50.9,,50.9,,50.9,,1,,1,,0.5,,2023-01-08,0.13,,0.1,,0.13,,0.1,,0.13,,0.1,,3.63,,2.3,,3.63,,2.3,,1.58,,147.92,,36.89,,80,,96,,21,,82.1,,44.7,,6.2,,44.7,,6.2,,44.7,,6.2,,0.5,,0.1,,44.7,,6.2,,1,0,146.9,,81.7,,37.91,,35.3,,1.95,,1.99,,22.4,,1.54,,1.76,,72,,36,,50,,5.13,,3.3,,184.81,,5.13,,117,,3.3,,5.13,,5.13,,3.3,,3.3,,34.5,,,,,,,,,,,,,,,,,,,,,,,,,,58.1,,,,,,,,,,,,22.4,,,,,,,,,,,,,,,,1.99,,,,,,,,,,,,,,1.54,
CONVENTIONAL|CONVENIENCE,RMA,CIRCLE K,TOTAL CORPORATE,CIRCLE K CORP - RMA,WEEK,03/19/2023,TPL,UPC,GROCERY,WELLNESS & SNACK BARS,GRANOLA & SNACK BARS,BEST MAID,00-86478-71635,Best Maid Marshmallow And M And M Rice Snack Bar 3.4oz,1,MARSHMALLOW,"","",SHELF STABLE,OUNCE,"","",1460.74,,801,,801,,6.4,,6.4,,6.4,,6.4,,1,,1,,0.1,,2023-01-08,1.4,,0.8,,1.4,,0.8,,1.4,,0.8,,228.6,,125.4,,228.6,,125.4,,1.82,,907.78,,552.96,,62.1,,518,,283,,64.7,,3.5,,2.9,,3.5,,2.9,,3.5,,2.9,,0,,0,,3.5,,2.9,,1,0,1174.19,,599.8,,286.55,,201.2,,2.03,,2.07,,15.3,,1.75,,1.95,,5301,,264,,5,,5.53,,3,,1460.74,,5.53,,801,,3,,5.53,,5.53,,3,,3,,43,,52.4,,,,52.4,,,,,,,,63.5,,,,63.5,,,,,,,,63.5,,8.9,,,,8.9,,,,,,18.3,,,,2.01,,,,2.01,,,,,,,,2.1,,1.83,,,,1.83,,,,,,,,1.71,
CONVENTIONAL|MULTI OUTLET,CRMA,MEIJER,TOTAL CORPORATE,MEIJER CORP - MULO CRMA,WEEK,12/24/2023,TPL,UPC,GROCERY,WELLNESS & SNACK BARS,GRANOLA & SNACK BARS,NATURE VALLEY,00-16000-45724,Nature Valley Protein Dark Chocolate Peanut Almond Protein Snack Bar 7.1oz,5,CHOCOLATE PEANUT,10 g,10 TO < 15G PROTEIN,SHELF STABLE,OUNCE,6 g,200 calories,12054.7,,2947.8,,14738.8,,27.9,,27.9,,27.9,,27.9,,1,,1,,0.3,,2023-01-08,0.21,,0.1,,0.21,,0.1,,0.21,,0.1,,432.69,,105.8,,432.69,,105.8,,4.09,,9348.19,,2706.51,,77.5,,2503.2,,444.6,,84.9,,24.4,,3.4,,24.4,,3.4,,24.4,,3.4,,0.2,,0,,24.4,,3.4,,1,0,7898.12,,1432.7,,4156.58,,1515.1,,5.51,,5.4,,30.9,,3.73,,6.09,,9760,,888,,9.1,,13.57,,3.3,,12054.7,,13.57,,2947.8,,3.3,,13.57,,13.57,,3.3,,3.3,,82.4,,15.5,,75.7,,15.5,,,,75.7,,,,101,,126.7,,101,,126.7,,,,,,162.6,,42.7,,25.4,,42.7,,,,25.4,,32.3,,,,5.18,,5.42,,5.18,,,,5.42,,,,5.4,,2.97,,4.05,,2.97,,,,4.05,,,,3.66,
CONVENTIONAL|MULTI OUTLET,CRMA,PUBLIX,TOTAL CORPORATE,PUBLIX CORP - MULO CRMA,WEEK,04/13/2025,TPL,UPC,GROCERY,WELLNESS & SNACK BARS,GRANOLA & SNACK BARS,RICE KRISPIES,00-38000-30544,Kelloggs Rice Krispies Treats Bliss Caramel Sea Salt Pretzel Treat Nutritional Snack Bar Bar 8.4oz,10,UNKNOWN,"","",UNKNOWN,OUNCE,"","",3883.02,,800,,8000,,5.6,,5.6,,5.6,,5.6,,1,,1,,0.1,,2025-03-30,0.07,,0,,0.07,,0,,0.07,,0,,693.4,,142.9,,693.4,,142.9,,4.85,,2819.46,,1063.56,,72.6,,581,,219,,72.6,,3.8,,1.8,,3.8,,1.8,,3.8,,1.8,,0,,0,,3.8,,1.8,,1,0,2592.9,,510.8,,1290.12,,289.3,,5.15,,5.26,,7.8,,4.85,,4.86,,15200,15334,176,,1.2,,22.07,,4.5,,3883.02,,22.07,,800,,4.5,,22.07,,22.07,,4.5,,4.5,,33.4,,95.7,,,,95.7,,,,,,,,111,,,,111,,,,,,,,45.6,,7.5,,,,7.5,,,,,,9.6,,,,5.25,,,,5.25,,,,,,,,5.36,,4.85,,,,4.85,,,,,,,,4.84,
CONVENTIONAL|FOOD,RMA,AHOLD DELHAIZE,TOTAL CORPORATE,AD - AHOLD DELHAIZE CORP - RMA,WEEK,03/26/2023,TPL,UPC,GROCERY,WELLNESS & SNACK BARS,GRANOLA & SNACK BARS,NATURE VALLEY,00-16000-43102,Nature Valley Sweet & Salty Nut Variety Pack Granola Snack Bar 14.8oz,12,NUTS AND SEEDS (OTHER THAN PEANUT),4 g,0.5 TO < 5G PROTEIN,SHELF STABLE,OUNCE,7 g,170 calories,6098.06,,913,,10956,,30.1,,30.1,,30.1,,30.1,,1,,1,,0.3,,2023-01-08,0.32,,0.1,,0.32,,0.1,,0.32,,0.1,,202.86,,30.4,,202.86,,30.4,,6.68,,1542.01,,4556.05,,25.3,,254,,659,,27.8,,10.3,,19.8,,10.3,,19.8,,10.3,,19.8,,0.1,,0.2,,10.3,,19.8,,1,0,5856.47,,835,,241.59,,78,,7.02,,7.3,,16.8,,6.07,,6.91,,2047,,406,,19.8,,15.02,,2.3,,6098.06,,15.02,,913,,2.3,,15.02,,15.02,,2.3,,2.3,,-25.7,,74.3,,18.2,,74.3,,,,18.2,,,,105.2,,27.9,,105.2,,27.9,,,,,,43.5,,11.3,,8.9,,11.3,,,,8.9,,51.6,,,,5.28,,8.01,,5.28,,,,8.01,,,,7.93,,4.68,,7.3,,4.68,,,,7.3,,,,3.84,
CONVENTIONAL|MASS MERCH,RMA,TARGET,TOTAL CORPORATE,TARGET CORP - RMA,WEEK,07/23/2023,TPL,UPC,GROCERY,WELLNESS & SNACK BARS,GRANOLA & SNACK BARS,ANNIES HOMEGROWN,00-13562-11614,Annies Homegrown Dbl Chc Grnl Ogc .98oz(12pk),12,CHOCOLATE CHIP / CHUNK,1 g,0.5 TO < 5G PROTEIN,SHELF STABLE,OUNCE,7 g,110 calories,25826.04,,3385.4,,40625.4,,74.4,,74.4,,74.4,,74.4,,1,,1,,0.7,,2023-01-08,0.3,,0,,0.3,,0,,0.3,,0,,346.94,,45.5,,346.94,,45.5,,7.63,,4306.24,,21519.8,,16.7,,570.1,,2815.4,,16.8,,14.8,,59.7,,14.8,,59.7,,14.8,,59.7,,0.1,,0.6,,14.8,,59.7,,1,0,24759.13,,3226.6,,1066.91,,158.8,,7.74,,8.23,,8.3,,7.55,,7.64,,1932,,1310,,67.8,,19.71,,2.6,,25826.04,,19.71,,3385.4,,2.6,,19.71,,19.71,,2.6,,2.6,,32,,34.7,,,,34.7,,,,,,,,36.6,,,,36.6,,,,,,,,39.8,,1.7,,,,1.7,,,,,,11.5,,,,7.72,,,,7.72,,,,,,,,8.52,,7.59,,,,7.59,,,,,,,,7.54,
CONVENTIONAL|FOOD,RMA,K-VA-T,TOTAL CORPORATE,"K-VA-T FOODS W/ CHATTANOOGA, TN - RMA",WEEK,01/29/2023,TPL,UPC,GROCERY,WELLNESS & SNACK BARS,GRANOLA & SNACK BARS,SUNBELT,00-24300-03101,Sunbelt Bakery Banana Harvest Granola Snack Bar 8.79oz,10,FRUIT OTHER,1 g,0.5 TO < 5G PROTEIN,SHELF STABLE,OUNCE,7 g,110 calories,561.16,,176,,1760,,58.9,,58.9,,58.9,,58.9,,1,,1,,0.6,,2023-01-08,0.28,,0.1,,0.28,,0.1,,0.28,,0.1,,9.53,,3,,9.53,,3,,3.19,,54.23,,506.93,,9.7,,17,,159,,9.7,,8.8,,50.1,,8.8,,50.1,,8.8,,50.1,,0.1,,0.5,,8.8,,50.1,,1,0,557.79,,174.8,,3.37,,1.2,,3.19,,3.23,,1.3,,3.19,,3.19,,135,,76,,56.3,,7.38,,2.3,,561.16,,7.38,,176,,2.3,,7.38,,7.38,,2.3,,2.3,,,,6.6,,,,6.6,,,,,,,,7.5,,,,7.5,,,,,,,,,,1.3,,,,1.3,,,,,,,,,,3.23,,,,3.23,,,,,,,,,,3.19,,,,3.19,,,,,,,,,
CONVENTIONAL|FOOD,RMA,ALBERTSONS COMPANIES,TOTAL CORPORATE,AC - ALBERTSONSCO CORP - RMA,WEEK,12/03/2023,TPL,UPC,GROCERY,WELLNESS & SNACK BARS,WELLNESS & NUTRITION BARS,POWER CRUNCH,06-44225-73079,Power Crunch Pb Protn Energy Bar 1.5oz (5pk),5,PEANUT BUTTER,13 g,10 TO < 15G PROTEIN,SHELF STABLE,OUNCE,6 g,220 calories,11546.38,,1196.6,,5983.1,,38.8,,38.8,,38.8,,38.8,,1,,1,,0.4,,2023-01-08,0.4,,0,,0.4,,0,,0.4,,0,,297.59,,30.8,,297.59,,30.8,,9.65,,720.81,,10825.57,,6.2,,77.1,,1119.5,,6.4,,2.1,,36.7,,2.1,,36.7,,2.1,,36.7,,0,,0.4,,2.1,,36.7,,1,0,11276.65,,1165.6,,269.73,,31,,9.68,,9.84,,5,,9.35,,9.67,,2184,,746,,34.2,,15.47,,1.6,,11546.38,,15.47,,1196.6,,1.6,,15.47,,15.47,,1.6,,1.6,,53.1,,61.6,,,,61.6,,,,,,,,61.2,,,,61.2,,,,,,,,87.6,,0,,,,0,,,,,,20.1,,,,10.01,,,,10.01,,,,,,,,9.36,,10.01,,,,10.01,,,,,,,,7.48,
CONVENTIONAL|MULTI OUTLET,CRMA,DECA,TOTAL CORPORATE,DECA CONUS - MULO CRMA,WEEK,02/05/2023,TPL,UPC,GROCERY,WELLNESS & SNACK BARS,WELLNESS & NUTRITION BARS,LUNA,07-22252-10310,Luna Nutz Over Choc Ogc 1.69 Oz,1,CHOCOLATE PEANUT,9 g,5 TO < 10G PROTEIN,SHELF STABLE,OUNCE,7 g,210 calories,30069.61,,20874.9,,20874.9,,27.3,,27.3,,27.3,,27.3,,1,,1,,0.3,,2023-01-08,0.18,,0.1,,0.18,,0.1,,0.18,,0.1,,1100.24,,763.8,,1100.24,,763.8,,1.44,,10150.01,,19919.6,,33.8,,7545.8,,13329.1,,36.1,,8,,19.4,,8,,19.4,,8,,19.4,,0.1,,0.2,,8,,19.4,,1,0,27154.8,,17958,,2914.81,,2916.9,,1.55,,1.65,,18.3,,1.35,,1.49,,22131,,2985,,13.5,,10.07,,7,,30069.61,,10.07,,20874.9,,7,,10.07,,10.07,,7,,7,,38,,51.1,,40,,56.5,,39.7,,40,,,,68.3,,65.8,,64.9,,65.4,,75.2,,,,56.6,,13.1,,19.4,,8,,23.2,,19.2,,17.6,,,,1.69,,1.64,,1.69,,1.67,,1.64,,,,1.64,,1.47,,1.33,,1.56,,1.28,,1.33,,,,1.35,
CONVENTIONAL|MULTI OUTLET,CRMA,ALBERTSONS COMPANIES,TOTAL CORPORATE,AC - ALBERTSONSCO CORP - MULO CRMA,WEEK,03/01/2026,TPL,UPC,GROCERY,WELLNESS & SNACK BARS,WELLNESS & NUTRITION BARS,ONCE UPON A FARM,08-10003-51223,Once Upon A Farm Blueberry Rob 1.6 Oz,1,BLUEBERRY,4 g,0.5 TO < 5G PROTEIN,REFRIGERATED,OUNCE,12 g,170 calories,2083.06,,1064.7,,1064.7,,2.5,,2.5,,2.5,,2.5,,1,,1,,0,,2025-05-11,0.07,,0,,0.07,,0,,0.07,,0,,836.57,,427.6,,836.57,,427.6,,1.96,,1964.61,,118.45,,94.3,,1019.4,,45.3,,95.7,,2.4,,0.1,,2.4,,0.1,,2.4,,0.1,,0,,0,,2.4,,0.1,,1,0,1745.82,,669.6,,337.24,,395.1,,2.92,,2.93,,34.3,,1.93,,2.61,,26373,27256,332,,1.3,,6.26,,3.2,,2083.06,,6.26,,1064.7,,3.2,,6.26,,6.26,,3.2,,3.2,,20.7,,,,,,,,,,,,,,,,,,,,,,,,,,63.3,,,,,,,,,,,,34.3,,,,,,,,,,,,,,,,2.93,,,,,,,,,,,,,,1.93,
CONVENTIONAL|CONVENIENCE,RMA,MAPCO,TOTAL CORPORATE,MAPCO CORP - RMA,WEEK,04/23/2023,TPL,UPC,GROCERY,WELLNESS & SNACK BARS,WELLNESS & NUTRITION BARS,CLIF NUT BUTTER FILLED,07-22252-26801,Clif Nt Bttr Flld Choco Peanut Bttr Og 1.76oz,1,CHOCOLATE PEANUT,7 g,5 TO < 10G PROTEIN,SHELF STABLE,OUNCE,9 g,230 calories,342.55,,158,,158,,37.9,,37.9,,37.9,,37.9,,1,,1,,0.4,,2023-01-08,2.71,,1.3,,2.71,,1.3,,2.71,,1.3,,9.05,,4.2,,9.05,,4.2,,2.17,,36.03,,306.52,,10.5,,31,,127,,19.6,,2.7,,35.1,,2.7,,35.1,,2.7,,35.1,,0,,0.3,,2.7,,35.1,,1,0,330.22,,139,,12.33,,19,,2.39,,2.3,,49.6,,1.16,,2.41,,181,,67,,37,,5.11,,2.4,,342.55,,5.11,,158,,2.4,,5.11,,5.11,,2.4,,2.4,,52,,,,,,,,,,,,,,,,,,,,,,,,,,157.5,,,,,,,,,,,,49.6,,,,,,,,,,,,,,,,2.3,,,,,,,,,,,,,,1.16,
CONVENTIONAL|MILITARY,RMA,DECA,TOTAL CORPORATE,DECA CONUS - RMA,WEEK,11/05/2023,TPL,UPC,GROCERY,WELLNESS & SNACK BARS,WELLNESS & NUTRITION BARS,KIND,06-02652-19935,Kind Core Carm Alm Sea Salt No Perf 1.4oz (12pk),12,CARAMEL,6 g,5 TO < 10G PROTEIN,SHELF STABLE,OUNCE,5 g,170 calories,1097.6,,80,,960,,32.5,,32.5,,32.5,,32.5,,1,,1,,0.3,,2023-01-15,0.92,,0.1,,0.92,,0.1,,0.92,,0.1,,33.76,,2.5,,33.76,,2.5,,13.72,,96.04,,1001.56,,8.8,,7,,73,,8.8,,4.2,,28.4,,4.2,,28.4,,4.2,,28.4,,0,,0.3,,4.2,,28.4,,1,0,1068.16,,77.9,,29.44,,2.1,,13.72,,13.72,,0,,13.72,,13.72,,168,,36,,21.4,,30.49,,2.2,,1097.6,,30.49,,80,,2.2,,30.49,,30.49,,2.2,,2.2,,,,44.2,,,,44.2,,,,,,,,44,,,,44,,,,,,,,,,0,,,,0,,,,,,,,,,13.72,,,,13.72,,,,,,,,,,13.72,,,,13.72,,,,,,,,,
CONVENTIONAL|MULTI OUTLET,CRMA,BJS,TOTAL CORPORATE,BJS CORP - MULO CRMA,WEEK,06/23/2024,TPL,UPC,GROCERY,WELLNESS & SNACK BARS,GRANOLA & SNACK BARS,PRIVATE LABEL,22-14202-82043,PRIVATE LABEL SHELF STABLE APPLE / CINNAMON RSLB STND PLST PG BG CLUSTER GRANOLA 10 OZ 1 CT - 1042594386,1,APPLE / CINNAMON,"","",SHELF STABLE,OUNCE,"","",2356.88,,474,,474,,3.1,,3.1,,3.1,,3.1,,1,,1,,0,,2024-06-09,0.01,,0,,0.01,,0,,0.01,,0,,765.22,,153.9,,765.22,,153.9,,4.97,,1564.78,,792.1,,66.4,,314,,160,,66.2,,2,,1.1,,2,,1.1,,2,,1.1,,0,,0,,2,,1.1,,1,0,1624.27,,313.9,,732.61,,160.1,,5.24,,5.38,,7.4,,4.98,,4.95,,20858,21288,290,,1.4,,8.13,,1.6,,2356.88,,8.13,,474,,1.6,,8.13,,8.13,,1.6,,1.6,,16.2,,,,89.3,,,,,,89.3,,,,,,105.4,,,,105.4,,,,,,35.1,,,,7.3,,,,,,7.3,,14,,,,,,5.39,,,,,,5.39,,,,4.99,,,,4.99,,,,,,4.99,,,,4.29,
CONVENTIONAL|MULTI OUTLET,CRMA,WALMART,TOTAL CORPORATE,WALMART CORP - MULO CRMA,WEEK,07/13/2025,TPL,UPC,GROCERY,WELLNESS & SNACK BARS,WELLNESS & NUTRITION BARS,RXBAR,01-93908-00857,Rxbar High Prtein Bar Strwbrry Pnut Bttr 2.1oz (5pk),5,PEANUT BUTTER,18 g,15 TO < 20G PROTEIN,SHELF STABLE,OUNCE,16 g,260 calories,35093.49,,3960.6,,19803.2,,4.3,,4.3,,4.3,,4.3,,1,,1,,0,,2025-06-01,0.21,,0,,0.21,,0,,0.21,,0,,8123.49,,916.8,,8123.49,,916.8,,8.86,,12174.16,,22919.33,,34.7,,1390,,2570.6,,35.1,,1.7,,2.7,,1.7,,2.7,,1.7,,2.7,,0,,0,,1.7,,2.7,,1,0,29531.71,,3312.9,,5561.78,,647.7,,8.94,,8.97,,2.4,,8.76,,8.92,,105756,107823,1618,,1.5,,21.67,,2.5,,35093.49,,21.67,,3960.6,,2.5,,21.67,,21.67,,2.5,,2.5,,50.5,,93.2,,,,93.2,,,,,,,,94.7,,,,94.7,,,,,,,,60,,0.8,,,,0.8,,,,,,9.3,,,,8.92,,,,8.92,,,,,,,,9.19,,8.85,,,,8.85,,,,,,,,8.34,
CONVENTIONAL|MULTI OUTLET,CRMA,DECA,TOTAL CORPORATE,DECA CONUS - MULO CRMA,WEEK,01/08/2023,TPL,UPC,GROCERY,WELLNESS & SNACK BARS,WELLNESS & NUTRITION BARS,THINK!,07-53656-70127,Think! High Protein Brownie Crunch Protein Bar 2.1 Oz,1,BROWNIE,20 g,20 TO < 25G PROTEIN,SHELF STABLE,OUNCE,0 g,230 calories,49488.33,,22699.2,,22699.2,,36.4,,36.4,,36.4,,36.4,,1,,1,,0.4,,2023-01-08,0.27,,0.1,,0.27,,0.1,,0.27,,0.1,,1359.2,,623.4,,1359.2,,623.4,,2.18,,25003.26,,24485.07,,50.5,,12661.5,,10037.6,,55.8,,17.7,,18.7,,17.7,,18.7,,17.7,,18.7,,0.2,,0.2,,17.7,,18.7,,1,0,41483,,17251.5,,8005.33,,5447.6,,2.46,,2.47,,20.2,,1.97,,2.44,,22133,,5000,,22.6,,9.9,,4.5,,49488.33,,9.9,,22699.2,,4.5,,9.9,,9.9,,4.5,,4.5,,44.7,,119.7,,53.3,,121.5,,71.7,,52.3,,,,135.5,,62.2,,136.3,,58.8,,120,,,,74.2,,7.9,,6.8,,7.8,,11.7,,6.5,,21,,,,2.66,,2.24,,2.7,,1.87,,2.27,,,,2.47,,2.45,,2.09,,2.49,,1.65,,2.12,,,,1.95,
CONVENTIONAL|MULTI OUTLET,CRMA,DECA,TOTAL CORPORATE,DECA CONUS - MULO CRMA,WEEK,09/08/2024,TPL,UPC,GROCERY,WELLNESS & SNACK BARS,WELLNESS & NUTRITION BARS,NUTRI-GRAIN,00-38000-29721,+nugrn Stb Prtn Nsb Bl 4ct 5.6oz,4,UNKNOWN,6 g,5 TO < 10G PROTEIN,SHELF STABLE,OUNCE,9 g,160 calories,14735.55,,4237.7,,16950.7,,30.6,,30.6,,30.6,,30.6,,1,,1,,0.3,,2024-03-31,0.16,,0,,0.16,,0,,0.16,,0,,481.55,,138.5,,481.55,,138.5,,3.48,,4252.3,,10483.25,,28.9,,1449,,2788.7,,34.2,,6.7,,23.9,,6.7,,23.9,,6.7,,23.9,,0.1,,0.2,,6.7,,23.9,,1,0,13631.43,,3659.9,,1104.12,,577.7,,3.81,,3.91,,25,,2.93,,3.76,,21667,22066,2453,,11.3,,6.01,,1.7,,14735.55,,6.01,,4237.7,,1.7,,6.01,,6.01,,1.7,,1.7,,39.1,,20,,28.8,,20,,,,28.8,,,,38.4,,35.5,,38.4,,35.5,,,,,,76.8,,20.1,,5.9,,20.1,,,,5.9,,28.4,,,,3.69,,4.34,,3.69,,,,4.34,,,,3.89,,2.95,,4.08,,2.95,,,,4.08,,,,2.79,
CONVENTIONAL|FOOD,RMA,K-VA-T,TOTAL CORPORATE,"K-VA-T FOODS W/ CHATTANOOGA, TN - RMA",WEEK,11/24/2024,TPL,UPC,GROCERY,WELLNESS & SNACK BARS,WELLNESS & NUTRITION BARS,SPECIAL K,00-38000-34390,Kelloggs Spcl K Prtn Choc Chp 1.59 Oz (6 Pk),6,CHOCOLATE CHIP / CHUNK,12 g,10 TO < 15G PROTEIN,SHELF STABLE,OUNCE,9 g,180 calories,516.27,,73,,438,,41.9,,41.9,,41.9,,41.9,,1,,1,,0.4,,2024-04-14,0.33,,0.1,,0.33,,0.1,,0.33,,0.1,,12.31,,1.7,,12.31,,1.7,,7.07,,20.97,,495.3,,4.1,,3,,70,,4.1,,2.6,,39.4,,2.6,,39.4,,2.6,,39.4,,0,,0.4,,2.6,,39.4,,1,0,516.27,,73,,0,,0,,7.09,,7.54,,7.3,,6.99,,7.08,,142,135,52,,36.6,,9.93,,1.4,,516.27,,9.93,,73,,1.4,,9.93,,9.93,,1.4,,1.4,,0,,,,,,,,,,,,,,,,,,,,,,,,,,0,,,,,,,,,,,,7.3,,,,,,,,,,,,,,,,7.54,,,,,,,,,,,,,,6.99,
CONVENTIONAL|MULTI OUTLET,CRMA,UNFI,TOTAL CORPORATE,UNFI (SUPERVALU) TOTAL ENTERPRISE - MULO CRMA,WEEK,02/08/2026,TPL,UPC,GROCERY,WELLNESS & SNACK BARS,WELLNESS & NUTRITION BARS,PRIVATE LABEL,22-14973-84646,PRIVATE LABEL WELLNESS & NUTRITION BAR SHELF STABLE CHOCOLATE CHIP / CHUNK INDIVDL WRAP IN BOX BAR SPROTEIN AND ENERGY 12 OZ 5 CT - 1208747437,5,CHOCOLATE CHIP / CHUNK,"","",SHELF STABLE,OUNCE,"","",16679.29,,3785.8,,18929.2,,8.7,,8.7,,8.7,,8.7,,1,,1,,0.1,,2025-08-17,0.11,,0,,0.11,,0,,0.11,,0,,1908.39,,433.2,,1908.39,,433.2,,4.41,,13257.81,,3421.48,,79.5,,3095.2,,690.6,,81.8,,6.8,,2,,6.8,,2,,6.8,,2,,0.1,,0,,6.8,,2,,1,0,10821.02,,2142.9,,5858.27,,1642.9,,5.18,,5.23,,18.1,,4.28,,4.95,,45182,46420,1315,,2.9,,12.68,,2.9,,16679.29,,12.68,,3785.8,,2.9,,12.68,,12.68,,2.9,,2.9,,75.7,,93.3,,,,93.3,,,,,,,,114.8,,,,114.8,,,,,,,,112.7,,11.3,,,,11.3,,,,,,19.8,,,,5.15,,,,5.15,,,,,,,,5.25,,4.57,,,,4.57,,,,,,,,4.21,
CONVENTIONAL|FOOD,RMA,SOUTHEASTERN GROCERS,TOTAL CORPORATE,SOUTHEASTERN GROCERS CORP - RMA,WEEK,07/23/2023,TPL,UPC,GROCERY,WELLNESS & SNACK BARS,WELLNESS & NUTRITION BARS,ATKINS,06-37480-00950,Atkins Dble Fdge Brwnie Snck Bar 1.69oz (5pk),5,CHOCOLATE,15 g,15 TO < 20G PROTEIN,SHELF STABLE,OUNCE,1 g,180 calories,565.81,,78.4,,391.9,,17.1,,17.1,,17.1,,17.1,,1,,1,,0.2,,2023-01-08,0.57,,0.1,,0.57,,0.1,,0.57,,0.1,,33.03,,4.6,,33.03,,4.6,,7.22,,82.49,,483.32,,14.6,,30,,48.4,,38.3,,1.6,,15.5,,1.6,,15.5,,1.6,,15.5,,0,,0.2,,1.6,,15.5,,1,0,557.02,,61.2,,8.79,,17.2,,8.6,,6.36,,56.8,,2.75,,9.99,,281,,42,,15,,13.41,,1.9,,565.81,,13.41,,78.4,,1.9,,13.41,,13.41,,1.9,,1.9,,11.9,,,,,,,,,,,,,,,,,,,,,,,,,,134.7,,,,,,,,,,,,56.8,,,,,,,,,,,,,,,,6.36,,,,,,,,,,,,,,2.75,
CONVENTIONAL|MULTI OUTLET,CRMA,ALBERTSONS COMPANIES,TOTAL CORPORATE,AC - ALBERTSONSCO CORP - MULO CRMA,WEEK,04/02/2023,TPL,UPC,GROCERY,WELLNESS & SNACK BARS,GRANOLA & SNACK BARS,NATURE VALLEY,00-16000-17394,Nature Valley Vrty Pck Swt Slty 1.2oz (24pk),24,ASSORTED,4 g,0.5 TO < 5G PROTEIN,SHELF STABLE,OUNCE,7 g,170 calories,62609.44,,5912.7,,141905.4,,21.7,,21.7,,21.7,,21.7,,1,,1,,0.2,,2023-01-08,0.36,,0,,0.36,,0,,0.36,,0,,2887.89,,272.7,,2887.89,,272.7,,10.59,,13739.98,,48869.46,,21.9,,1309.8,,4602.9,,22.2,,4.6,,17.1,,4.6,,17.1,,4.6,,17.1,,0.1,,0.2,,4.6,,17.1,,1,0,58591.38,,5520.9,,4018.06,,391.8,,10.63,,10.66,,1.6,,10.49,,10.62,,27804,,1618,,5.8,,38.69,,3.6,,62609.44,,38.69,,5912.7,,3.6,,38.69,,38.69,,3.6,,3.6,,27.8,,42.6,,,,42.6,,,,,,,,43.2,,,,43.2,,,,,,,,37.4,,0.5,,,,0.5,,,,,,13.3,,,,10.66,,,,10.66,,,,,,,,10.73,,10.6,,,,10.6,,,,,,,,9.31,
CONVENTIONAL|FOOD,RMA,ASSOCIATED WHOLESALE GROCERS,TOTAL CORPORATE,ASSOCIATED WHOLESALE GROCERS CORP - SRMA,WEEK,01/22/2023,TPL,UPC,GROCERY,WELLNESS & SNACK BARS,GRANOLA & SNACK BARS,BEST MAID,00-86478-71488,Best Maid Peanut Butter Rice Snack Bar 1ct 3oz,1,PEANUT BUTTER,6 g,5 TO < 10G PROTEIN,SHELF STABLE,OUNCE,38 g,400 calories,5151.72,,3523.3,,3523.3,,15.1,,15.1,,15.1,,15.1,,1,,1,,0.1,,2023-01-08,1.23,,0.8,,1.23,,0.8,,1.23,,0.8,,340.27,,232.7,,340.27,,232.7,,1.46,,916.8,,4234.92,,17.8,,644.3,,2879.1,,18.3,,3,,12.2,,3,,12.2,,3,,12.2,,0,,0.1,,3,,12.2,,1,0,4900.27,,3337.3,,251.45,,186,,1.48,,1.53,,7,,1.42,,1.47,,2616,,314,,12,,16.43,,11.2,,5151.72,,16.43,,3523.3,,11.2,,16.43,,16.43,,11.2,,11.2,,12.5,,50,,,,50,,,,,,,,50.4,,,,50.4,,,,,,,,20.5,,0,,,,0,,,,,,22.2,,,,1.46,,,,1.46,,,,,,,,1.72,,1.46,,,,1.46,,,,,,,,1.34,
CONVENTIONAL|FOOD,RMA,PUBLIX,TOTAL CORPORATE,PUBLIX CORP - RMA,WEEK,07/30/2023,TPL,UPC,GROCERY,WELLNESS & SNACK BARS,WELLNESS & NUTRITION BARS,NUGO NUTRITION,06-91535-52901,Nugo Dark Choc Pretzel Bar 1.76 Oz,1,CHOCOLATE,12 g,10 TO < 15G PROTEIN,SHELF STABLE,OUNCE,14 g,200 calories,5330.39,,3128,,3128,,46.1,,46.1,,46.1,,46.1,,1,,1,,0.5,,2023-01-08,0.2,,0.1,,0.2,,0.1,,0.2,,0.1,,115.5,,67.8,,115.5,,67.8,,1.7,,1609.18,,3721.21,,30.2,,945.7,,2182.3,,30.2,,12.7,,33.5,,12.7,,33.5,,12.7,,33.5,,0.1,,0.3,,12.7,,33.5,,1,0,4877.63,,2861.9,,452.76,,266.1,,1.71,,1.71,,0.2,,1.7,,1.71,,1346,,609,,45.2,,8.76,,5.1,,5330.39,,8.76,,3128,,5.1,,8.76,,8.76,,5.1,,5.1,,0,,39.2,,,,39.2,,,,,,,,39.3,,,,39.3,,,,,,,,0,,0.1,,,,0.1,,,,,,28.3,,,,1.71,,,,1.71,,,,,,,,1.72,,1.7,,,,1.7,,,,,,,,1.23,
CONVENTIONAL|FOOD,RMA,ALBERTSONS COMPANIES,TOTAL CORPORATE,AC - ALBERTSONSCO CORP - RMA,WEEK,08/17/2025,TPL,UPC,GROCERY,WELLNESS & SNACK BARS,GRANOLA & SNACK BARS,QUAKER CHEWY,00-30000-57833,Quaker Cookies & Cream Protein Granola Bars 1.41 Oz (5 Pk),5,COOKIES AND CREAM,"","",SHELF STABLE,OUNCE,"","",15462.09,,2722,,13610,,61.4,,61.4,,61.4,,61.4,,1,,1,,0.6,,2025-05-11,0.34,,0.1,,0.34,,0.1,,0.34,,0.1,,252.03,,44.4,,252.03,,44.4,,5.68,,7107.14,,8354.95,,46,,1316,,1406,,48.3,,25,,36.4,,25,,36.4,,25,,36.4,,0.3,,0.4,,25,,36.4,,1,0,12112.93,,2028.2,,3349.16,,693.8,,6.1,,6.27,,13.8,,5.4,,5.94,,2200,2188,1252,,56.9,,12.35,,2.2,,15462.09,,12.35,,2722,,2.2,,12.35,,12.35,,2.2,,2.2,,47.7,,236.1,,,,236.1,,,,,,,,270.6,,,,270.6,,,,,,,,66.7,,6.8,,,,6.8,,,,,,17.8,,,,5.87,,,,5.87,,,,,,,,6.52,,5.48,,,,5.48,,,,,,,,5.35,
CONVENTIONAL|FOOD,RMA,WAKEFERN,TOTAL CORPORATE,WAKEFERN CORP W/O PRICE RITE - RMA,WEEK,08/17/2025,TPL,UPC,GROCERY,WELLNESS & SNACK BARS,GRANOLA & SNACK BARS,JUNKLESS,08-51100-00356,Junkless Brries & Crm Chewy Drzzle Granola Brs Ogc 1.1oz (6pk),6,BERRY - OTHER SPECIFIC,2 g,0.5 TO < 5G PROTEIN,SHELF STABLE,OUNCE,8 g,130 calories,551.33,,157,,942,,20.4,,20.4,,20.4,,20.4,,1,,1,,0.2,,2025-07-13,0.13,,0,,0.13,,0,,0.13,,0,,26.96,,7.7,,26.96,,7.7,,3.51,,425.69,,125.64,,77.2,,121,,36,,77.1,,15.9,,4.6,,15.9,,4.6,,15.9,,4.6,,0.2,,0.1,,15.9,,4.6,,1,0,498.79,,127.6,,52.54,,29.4,,4.27,,4.5,,21.7,,3.52,,3.49,,306,305,56,,18.3,,9.85,,2.8,,551.33,,9.85,,157,,2.8,,9.85,,9.85,,2.8,,2.8,,8.9,,21.3,,,,21.3,,,,,,,,38.7,,,,38.7,,,,,,,,27.2,,22,,,,22,,,,,,21.6,,,,4.5,,,,4.5,,,,,,,,4.49,,3.51,,,,3.51,,,,,,,,3.52,
CONVENTIONAL|FOOD,RMA,BIG Y,TOTAL CORPORATE,BIG Y - RMA,WEEK,05/21/2023,TPL,UPC,GROCERY,WELLNESS & SNACK BARS,WELLNESS & NUTRITION BARS,GOMACRO,01-81945-00016,Gomacro Macrobar Cashew Caramel Og 2.1 Oz,1,CARAMEL,11 g,10 TO < 15G PROTEIN,SHELF STABLE,OUNCE,11 g,270 calories,34.09,,11,,11,,6.7,,6.7,,6.7,,6.7,,1,,1,,0.1,,2023-01-08,0.18,,0.1,,0.18,,0.1,,0.18,,0.1,,5.08,,1.6,,5.08,,1.6,,3.1,,11.96,,22.13,,35.1,,4,,7,,36.4,,2.6,,4.1,,2.6,,4.1,,2.6,,4.1,,0,,0,,2.6,,4.1,,1,0,32.61,,10.4,,1.48,,0.6,,3.21,,3.29,,9,,2.99,,3.16,,72,,5,,6.9,,6.82,,2.2,,34.09,,6.82,,11,,2.2,,6.82,,6.82,,2.2,,2.2,,14.1,,,,,,,,,,,,,,,,,,,,,,,,,,18.7,,,,,,,,,,,,9,,,,,,,,,,,,,,,,3.29,,,,,,,,,,,,,,2.99,
CONVENTIONAL|MULTI OUTLET,CRMA,GIANT EAGLE,TOTAL CORPORATE,GIANT EAGLE CORP - MULO CRMA,WEEK,10/13/2024,TPL,UPC,GROCERY,WELLNESS & SNACK BARS,GRANOLA & SNACK BARS,PRIVATE LABEL,22-10819-35139,PRIVATE LABEL SHELF STABLE CHOCOLATE NUT INDIVDL WRAP IN BOX BAR SNACK 7.334 OZ 4 CT - 403784803,4,CHOCOLATE NUT,"","",SHELF STABLE,OUNCE,"","",2755.17,,613.6,,2454.5,,4.9,,4.9,,4.9,,4.9,,1,,1,,0.1,,2023-01-08,0.57,,0.1,,0.57,,0.1,,0.57,,0.1,,566.91,,126.3,,566.91,,126.3,,4.49,,1879.87,,875.3,,68.2,,418.7,,194.9,,68.2,,3.2,,1.7,,3.2,,1.7,,3.2,,1.7,,0,,0,,3.2,,1.7,,1,0,2197.16,,465.7,,558.01,,148,,4.86,,5.03,,10.8,,4.49,,4.49,,2990,3107,161,,5.4,,17.1,,3.8,,2755.17,,17.1,,613.6,,3.8,,17.1,,17.1,,3.8,,3.8,,45.3,,42,,,,42,,,,,,,,53.7,,,,53.7,,,,,,,,71.1,,10.2,,,,10.2,,,,,,18.1,,,,5,,,,5,,,,,,,,5.48,,4.49,,,,4.49,,,,,,,,4.49,
CONVENTIONAL|FOOD,RMA,HY-VEE,TOTAL CORPORATE,HY-VEE CORP - RMA,WEEK,07/09/2023,TPL,UPC,GROCERY,WELLNESS & SNACK BARS,GRANOLA & SNACK BARS,CHEX MIX,00-16000-18474,Chex Mix Birthday Cake Bars 1.13oz (12pk),12,COOKIE / PASTRY / CAKE,1 g,0.5 TO < 5G PROTEIN,SHELF STABLE,OUNCE,10 g,140 calories,334.08,,42.3,,507.4,,15.8,,15.8,,15.8,,15.8,,1,,1,,0.2,,2023-01-08,0.21,,0,,0.21,,0,,0.21,,0,,21.18,,2.7,,21.18,,2.7,,7.9,,30.84,,303.24,,9.2,,5,,37.3,,11.8,,1.8,,14,,1.8,,14,,1.8,,14,,0,,0.1,,1.8,,14,,1,0,329.21,,40.4,,4.87,,1.9,,8.23,,8.91,,30.9,,6.16,,8.14,,265,,30,,11.4,,11.05,,1.4,,334.08,,11.05,,42.3,,1.4,,11.05,,11.05,,1.4,,1.4,,18.8,,,,,,,,,,,,,,,,,,,,,,,,,,60.1,,,,,,,,,,,,30.9,,,,,,,,,,,,,,,,8.91,,,,,,,,,,,,,,6.16,
CONVENTIONAL|FOOD,RMA,MEIJER,TOTAL CORPORATE,MEIJER CORP - RMA,WEEK,05/21/2023,TPL,UPC,GROCERY,WELLNESS & SNACK BARS,GRANOLA & SNACK BARS,QUAKER CHEWY,00-30000-31407,Quaker Big Chewy Chocolate Chip Granola Snack Bar 7.4oz,5,CHOCOLATE CHIP / CHUNK,2 g,0.5 TO < 5G PROTEIN,SHELF STABLE,OUNCE,13 g,180 calories,6561.35,,2551.5,,12757.7,,94,,94,,94,,94,,1,,1,,0.9,,2023-01-08,0.42,,0.2,,0.42,,0.2,,0.42,,0.2,,69.79,,27.1,,69.79,,27.1,,2.57,,2914.98,,3646.37,,44.4,,1139.4,,1412.1,,44.7,,43.1,,50.9,,43.1,,50.9,,43.1,,50.9,,0.4,,0.5,,43.1,,50.9,,1,0,6295.44,,2391.7,,265.91,,159.9,,2.68,,2.81,,9,,2.56,,2.58,,267,,246,,92.1,,26.67,,10.4,,6561.35,,26.67,,2551.5,,10.4,,26.67,,26.67,,10.4,,10.4,,10,,,,,,,,,,,,,,,,,,,,,,,,,,16.3,,,,,,,,,,,,9,,,,,,,,,,,,,,,,2.81,,,,,,,,,,,,,,2.56,
CONVENTIONAL|FOOD,RMA,KROGER,TOTAL CORPORATE,"KROGER CORP W/ HARRIS TEETER, ROUNDYS AND RULER - RMA",WEEK,10/08/2023,TPL,UPC,GROCERY,WELLNESS & SNACK BARS,WELLNESS & NUTRITION BARS,NICKS,08-50009-68279,Nicks Triple Chocolate Protein Bar 1.76oz,1,CHOCOLATE,15 g,15 TO < 20G PROTEIN,SHELF STABLE,OUNCE,3 g,210 calories,1022.03,,476,,476,,9.1,,9.1,,9.1,,9.1,,1,,1,,0.1,,2023-06-04,0.07,,0,,0.07,,0,,0.07,,0,,111.82,,52.1,,111.82,,52.1,,2.15,,839.57,,182.46,,82.1,,405,,71,,85.1,,7.1,,2,,7.1,,2,,7.1,,2,,0.1,,0,,7.1,,2,,1,0,733.27,,257,,288.76,,219,,3.31,,3.44,,39.7,,2.07,,2.57,,2722,,200,,7.3,,5.11,,2.4,,1022.03,,5.11,,476,,2.4,,5.11,,5.11,,2.4,,2.4,,52.4,,,,,,,,,,,,,,,,,,,,,,,,,,117.8,,,,,,,,,,,,39.7,,,,,,,,,,,,,,,,3.44,,,,,,,,,,,,,,2.07,
CONVENTIONAL|FOOD,RMA,MEIJER,TOTAL CORPORATE,MEIJER CORP - RMA,WEEK,07/16/2023,TPL,UPC,GROCERY,WELLNESS & SNACK BARS,WELLNESS & NUTRITION BARS,PRIVATE LABEL,22-13084-84900,PRIVATE LABEL WELLNESS & NUTRITION BAR SHELF STABLE CHOCOLATE CHIP / CHUNK INDIVDL WRAP IN BOX BAR ENERGY 28.8 OZ 12 CT - 23575169,12,CHOCOLATE CHIP / CHUNK,"","",SHELF STABLE,OUNCE,"","",3168.52,,265,,3180,,61.8,,61.8,,61.8,,61.8,,1,,1,,0.6,,2023-06-18,0.3,,0,,0.3,,0,,0.3,,0,,51.25,,4.3,,51.25,,4.3,,11.96,,67.59,,3100.93,,2.1,,6,,259,,2.3,,2,,59.9,,2,,59.9,,2,,59.9,,0,,0.6,,2,,59.9,,1,0,3159.68,,263.9,,8.84,,1.1,,11.97,,11.97,,5.9,,11.27,,11.97,,267,,155,,58,,20.44,,1.7,,3168.52,,20.44,,265,,1.7,,20.44,,20.44,,1.7,,1.7,,15,,,,,,,,,,,,,,,,,,,,,,,,,,22.2,,,,,,,,,,,,5.9,,,,,,,,,,,,,,,,11.97,,,,,,,,,,,,,,11.27,
CONVENTIONAL|MULTI OUTLET,CRMA,SAMS,TOTAL CORPORATE,SAMS CORP - MULO CRMA,WEEK,07/23/2023,TPL,UPC,GROCERY,WELLNESS & SNACK BARS,WELLNESS & NUTRITION BARS,THINK!,07-53656-70951,Think! Hipro Chunky Peanut Butter Bars 2.1oz (5pk),5,PEANUT BUTTER,20 g,20 TO < 25G PROTEIN,SHELF STABLE,OUNCE,1 g,250 calories,160230.21,,16815.4,,84077.1,,22.5,,22.5,,22.5,,22.5,,1,,1,,0.2,,2023-01-08,0.3,,0,,0.3,,0,,0.3,,0,,7108.7,,746,,7108.7,,746,,9.53,,36728.27,,123501.94,,22.9,,3841.9,,12973.5,,22.8,,5.2,,17.3,,5.2,,17.3,,5.2,,17.3,,0.1,,0.2,,5.2,,17.3,,1,0,149934.06,,15495.4,,10296.15,,1320,,9.88,,11.09,,13.8,,9.56,,9.52,,108380,,7554,,7,,21.21,,2.2,,160230.21,,21.21,,16815.4,,2.2,,21.21,,21.21,,2.2,,2.2,,39,,34.3,,56.6,,34.3,,,,56.6,,,,35.6,,78,,35.6,,78,,,,,,53.4,,3.2,,14.1,,3.2,,,,14.1,,14.6,,,,9.8,,10.46,,9.8,,,,10.46,,,,11.21,,9.49,,8.98,,9.49,,,,8.98,,,,9.58,
CONVENTIONAL|FOOD,RMA,UNFI,TOTAL CORPORATE,UNFI (SUPERVALU) TOTAL ENTERPRISE - SRMA,WEEK,06/25/2023,TPL,UPC,GROCERY,WELLNESS & SNACK BARS,GRANOLA & SNACK BARS,QUAKER CHEWY,00-30000-31407,Quaker Big Chewy Chocolate Chip Granola Snack Bar 7.4oz,5,CHOCOLATE CHIP / CHUNK,2 g,0.5 TO < 5G PROTEIN,SHELF STABLE,OUNCE,13 g,180 calories,12056.98,,3275.4,,16376.8,,52.9,,52.9,,52.9,,52.9,,1,,1,,0.5,,2023-01-08,0.5,,0.1,,0.5,,0.1,,0.5,,0.1,,227.75,,61.9,,227.75,,61.9,,3.68,,2414.86,,9642.12,,20,,786.2,,2489.1,,24,,10.2,,42.7,,10.2,,42.7,,10.2,,42.7,,0.1,,0.4,,10.2,,42.7,,1,0,11130.66,,2847.7,,926.32,,427.7,,3.98,,4.31,,28.8,,3.07,,3.87,,3253,,986,,30.3,,12.23,,3.3,,12056.98,,12.23,,3275.4,,3.3,,12.23,,12.23,,3.3,,3.3,,13.7,,432,,87.9,,,,432,,86.8,,,,663.3,,161.2,,,,159.5,,663.3,,,,42.7,,30.7,,29.5,,,,30.7,,29.5,,26.3,,,,4.29,,4.29,,,,4.29,,4.29,,,,4.4,,2.97,,3.02,,,,2.97,,3.02,,,,3.24,
CONVENTIONAL|MULTI OUTLET,CRMA,UNFI,TOTAL CORPORATE,UNFI (SUPERVALU) TOTAL ENTERPRISE - MULO CRMA,WEEK,02/19/2023,TPL,UPC,GROCERY,WELLNESS & SNACK BARS,WELLNESS & NUTRITION BARS,CLIF BAR,07-22252-16067,Clif Bar White Choc Mac Nt Br Ogc 2.4oz(12pk),12,CHOCOLATE NUT,9 g,5 TO < 10G PROTEIN,SHELF STABLE,OUNCE,21 g,260 calories,195337.36,,13058.6,,156703.4,,43.2,,43.2,,43.2,,43.2,,1,,1,,0.4,,2023-01-08,0.43,,0,,0.43,,0,,0.43,,0,,4519.61,,302.1,,4519.61,,302.1,,14.96,,28116.03,,167221.33,,14.4,,2003,,11055.7,,15.3,,5,,38.2,,5,,38.2,,5,,38.2,,0.1,,0.4,,5,,38.2,,1,0,189872.76,,12551.4,,5464.6,,507.2,,15.24,,15.88,,11.6,,14.04,,15.13,,47566,,6997,,14.7,,27.92,,1.9,,195337.36,,27.92,,13058.6,,1.9,,27.92,,27.92,,1.9,,1.9,,24.9,,19,,,,19,,,,,,,,19.2,,,,19.2,,,,,,,,36.1,,0.5,,,,0.5,,,,,,12.9,,,,14.98,,,,14.98,,,,,,,,15.99,,14.91,,,,14.91,,,,,,,,13.92,
CONVENTIONAL|MULTI OUTLET,CRMA,AHOLD DELHAIZE,TOTAL CORPORATE,AD - AHOLD DELHAIZE CORP - MULO CRMA,WEEK,03/19/2023,TPL,UPC,GROCERY,WELLNESS & SNACK BARS,GRANOLA & SNACK BARS,SUNBELT,00-24300-03131,Sunbelt Otml Rsn Granola Bars 1.03oz (8pk),8,OATMEAL RAISIN,2 g,0.5 TO < 5G PROTEIN,SHELF STABLE,OUNCE,10 g,130 calories,14635.35,,5032.5,,40260.2,,19.7,,19.7,,19.7,,19.7,,1,,1,,0.2,,2023-01-08,0.28,,0.1,,0.28,,0.1,,0.28,,0.1,,744.42,,256,,744.42,,256,,2.91,,2692.96,,11942.39,,18.4,,941.2,,4091.3,,18.7,,3.3,,16.3,,3.3,,16.3,,3.3,,16.3,,0,,0.2,,3.3,,16.3,,1,0,13885.72,,4741.3,,749.63,,291.2,,2.94,,3.06,,6.4,,2.86,,2.92,,22109,,1063,,4.8,,13.77,,4.7,,14635.35,,13.77,,5032.5,,4.7,,13.77,,13.77,,4.7,,4.7,,39.1,,38.1,,,,38.1,,,,,,,,39.4,,,,39.4,,,,,,,,51.1,,1.3,,,,1.3,,,,,,11.5,,,,2.96,,,,2.96,,,,,,,,3.16,,2.92,,,,2.92,,,,,,,,2.8,
CONVENTIONAL|MULTI OUTLET,CRMA,UNFI,TOTAL CORPORATE,UNFI (SUPERVALU) TOTAL ENTERPRISE - MULO CRMA,WEEK,04/23/2023,TPL,UPC,GROCERY,WELLNESS & SNACK BARS,WELLNESS & NUTRITION BARS,ONE BAR,07-88434-10636,One Bar Blueberry Cobbler 2.12 Oz (4 Pk),4,BLUEBERRY,20 g,20 TO < 25G PROTEIN,SHELF STABLE,OUNCE,1 g,220 calories,37675.87,,5046.6,,20186.5,,17.1,,17.1,,17.1,,17.1,,1,,1,,0.2,,2023-01-08,0.21,,0,,0.21,,0,,0.21,,0,,2207.14,,295.6,,2207.14,,295.6,,7.47,,18186.47,,19489.4,,48.3,,2601.9,,2444.8,,51.6,,5.8,,11.3,,5.8,,11.3,,5.8,,11.3,,0.1,,0.1,,5.8,,11.3,,1,0,32347.03,,4134.8,,5328.84,,911.8,,7.99,,8.01,,12.7,,6.99,,7.97,,47515,,2347,,4.9,,16.05,,2.1,,37675.87,,16.05,,5046.6,,2.1,,16.05,,16.05,,2.1,,2.1,,42.8,,34.1,,,,34.1,,,,,,,,45.4,,,,45.4,,,,,,,,55.6,,11.6,,,,11.6,,,,,,12.9,,,,7.95,,,,7.95,,,,,,,,8.02,,7.03,,,,7.03,,,,,,,,6.98,
CONVENTIONAL|FOOD,RMA,GIANT EAGLE,TOTAL CORPORATE,GIANT EAGLE CORP - RMA,WEEK,08/11/2024,TPL,UPC,GROCERY,WELLNESS & SNACK BARS,GRANOLA & SNACK BARS,MOTTS,00-16000-22101,Motts Berry Soft Baked Bars .96 Oz (6 Pk),6,BERRY - BLENDS / GENERIC,1 g,0.5 TO < 5G PROTEIN,SHELF STABLE,OUNCE,6 g,110 calories,2027.88,,750,,4500,,85.8,,85.8,,85.8,,85.8,,1,,1,,0.9,,2024-06-30,0.3,,0.1,,0.3,,0.1,,0.3,,0.1,,23.63,,8.7,,23.63,,8.7,,2.7,,1553.92,,473.96,,76.6,,609,,141,,81.2,,65.9,,19.9,,65.9,,19.9,,65.9,,19.9,,0.7,,0.2,,65.9,,19.9,,1,0,1538.84,,428.3,,489.04,,321.7,,3.91,,4.03,,36.7,,2.55,,3.36,,207,206,171,,82.6,,11.86,,4.4,,2027.88,,11.86,,750,,4.4,,11.86,,11.86,,4.4,,4.4,,45.9,,,,,,,,,,,,,,,,,,,,,,,,,,112,,,,,,,,,,,,36.7,,,,,,,,,,,,,,,,4.03,,,,,,,,,,,,,,2.55,
CONVENTIONAL|FOOD,RMA,UNFI,TOTAL CORPORATE,UNFI (SUPERVALU) TOTAL ENTERPRISE - SRMA,WEEK,04/30/2023,TPL,UPC,GROCERY,WELLNESS & SNACK BARS,WELLNESS & NUTRITION BARS,LARABAR,00-21908-50915,Larabar Pecan Pie 1.6 Oz,1,NUTS AND SEEDS (OTHER THAN PEANUT),3 g,0.5 TO < 5G PROTEIN,SHELF STABLE,OUNCE,16 g,230 calories,2094.78,,1290.5,,1290.5,,18.1,,18.1,,18.1,,18.1,,1,,1,,0.2,,2023-01-08,0.25,,0.2,,0.25,,0.2,,0.25,,0.2,,115.61,,71.2,,115.61,,71.2,,1.62,,826.73,,1268.05,,39.5,,564,,726.5,,43.7,,3.5,,14.7,,3.5,,14.7,,3.5,,14.7,,0,,0.1,,3.5,,14.7,,1,0,1726.78,,961.5,,368,,329,,1.89,,2.08,,29.4,,1.47,,1.75,,3253,,276,,8.5,,7.59,,4.7,,2094.78,,7.59,,1290.5,,4.7,,7.59,,7.59,,4.7,,4.7,,60.9,,125.4,,0,,125.4,,,,0,,,,118.6,,0,,118.6,,0,,,,,,147.9,,0,,0,,0,,,,0,,40.4,,,,2.71,,1.37,,2.71,,,,1.37,,,,1.91,,2.71,,1.37,,2.71,,,,1.37,,,,1.14,
CONVENTIONAL|FOOD,RMA,HY-VEE,TOTAL CORPORATE,HY-VEE CORP - RMA,WEEK,06/11/2023,TPL,UPC,GROCERY,WELLNESS & SNACK BARS,WELLNESS & NUTRITION BARS,QUEST,08-88849-00122,Quest Smores Protein Bar 2.12 Oz,1,CHOCOLATE,21 g,20 TO < 25G PROTEIN,SHELF STABLE,OUNCE,1 g,180 calories,1442.15,,507,,507,,72.1,,72.1,,72.1,,72.1,,1,,1,,0.7,,2023-01-08,0.2,,0.1,,0.2,,0.1,,0.2,,0.1,,20,,7,,20,,7,,2.84,,93.34,,1348.81,,6.5,,36,,471,,7.1,,3.8,,68.3,,3.8,,68.3,,3.8,,68.3,,0,,0.7,,3.8,,68.3,,1,0,1404.28,,490.4,,37.87,,16.6,,2.86,,2.88,,9.9,,2.59,,2.86,,264,,162,,61.4,,8.9,,3.1,,1442.15,,8.9,,507,,3.1,,8.9,,8.9,,3.1,,3.1,,68.3,,,,,,,,,,,,,,,,,,,,,,,,,,85.9,,,,,,,,,,,,9.9,,,,,,,,,,,,,,,,2.88,,,,,,,,,,,,,,2.59,
CONVENTIONAL|FOOD,RMA,KROGER,TOTAL CORPORATE,"KROGER CORP W/ HARRIS TEETER, ROUNDYS AND RULER - RMA",WEEK,04/16/2023,TPL,UPC,GROCERY,WELLNESS & SNACK BARS,GRANOLA & SNACK BARS,PRIVATE LABEL,22-14531-60934,PRIVATE LABEL SHELF STABLE CHOCOLATE CHIP / CHUNK INDIVDL WRAP IN BOX BAR WHOLE GRAIN 7.62 OZ 6 CT - 1081341227,6,CHOCOLATE CHIP / CHUNK,"","",SHELF STABLE,OUNCE,"","",14655.72,,5026.4,,30158.3,,64.5,,64.5,,64.5,,64.5,,1,,1,,0.7,,2023-01-08,0.15,,0.1,,0.15,,0.1,,0.15,,0.1,,227.11,,77.9,,227.11,,77.9,,2.92,,11395.11,,3260.61,,77.8,,3933.4,,1093,,78.3,,53.1,,11.5,,53.1,,11.5,,53.1,,11.5,,0.5,,0.1,,53.1,,11.5,,1,0,10713.17,,3350.9,,3942.55,,1675.5,,3.35,,3.45,,16,,2.9,,2.98,,2722,,1564,,57.5,,9.37,,3.2,,14655.72,,9.37,,5026.4,,3.2,,9.37,,9.37,,3.2,,3.2,,52.9,,,,,,,,,,,,,,,,,,,,,,,,,,74.2,,,,,,,,,,,,16,,,,,,,,,,,,,,,,3.45,,,,,,,,,,,,,,2.9,
CONVENTIONAL|MULTI OUTLET,CRMA,UNFI,TOTAL CORPORATE,UNFI (SUPERVALU) TOTAL ENTERPRISE - MULO CRMA,WEEK,01/29/2023,TPL,UPC,GROCERY,WELLNESS & SNACK BARS,GRANOLA & SNACK BARS,NATURE VALLEY,00-16000-18695,Nature Valley Swt & Slty Nut Bar 1.2oz (18pk),18,PEANUT,4 g,0.5 TO < 5G PROTEIN,SHELF STABLE,OUNCE,7 g,170 calories,35420.64,,3540.5,,63728.2,,10.3,,10.3,,10.3,,10.3,,1,,1,,0.1,,2023-01-08,0.22,,0,,0.22,,0,,0.22,,0,,3452.3,,345.1,,3452.3,,345.1,,10,,17622.32,,17798.32,,49.8,,1874.7,,1665.8,,53,,5.5,,4.8,,5.5,,4.8,,5.5,,4.8,,0.1,,0.1,,5.5,,4.8,,1,0,31877.46,,3036.8,,3543.18,,503.7,,10.8,,10.9,,13.8,,9.4,,10.68,,47575,,1679,,3.5,,21.07,,2.1,,35420.64,,21.07,,3540.5,,2.1,,21.07,,21.07,,2.1,,2.1,,24.9,,27.6,,,,27.6,,,,,,,,31.8,,,,31.8,,,,,,,,37.2,,6.8,,,,6.8,,,,,,14.4,,,,11.2,,,,11.2,,,,,,,,10.87,,10.44,,,,10.44,,,,,,,,9.31,
CONVENTIONAL|MULTI OUTLET,CRMA,MEIJER,TOTAL CORPORATE,MEIJER CORP - MULO CRMA,WEEK,06/25/2023,TPL,UPC,GROCERY,WELLNESS & SNACK BARS,WELLNESS & NUTRITION BARS,LENNY & LARRYS,07-87692-33000,Lenny & Larrys Ckfd Br Ccr 1.59oz,1,COOKIES AND CREAM,12 g,10 TO < 15G PROTEIN,SHELF STABLE,OUNCE,6 g,160 calories,4342.04,,4222.1,,4222.1,,21.5,,21.5,,21.5,,21.5,,1,,1,,0.2,,2023-01-08,0.1,,0.1,,0.1,,0.1,,0.1,,0.1,,201.67,,196.1,,201.67,,196.1,,1.03,,4186.29,,155.75,,96.4,,4098.8,,123.3,,97.1,,20.9,,0.7,,20.9,,0.7,,20.9,,0.7,,0.2,,0,,20.9,,0.7,,1,0,2889.26,,1896.5,,1452.78,,2325.6,,1.66,,1.67,,38.8,,1.02,,1.26,,9793,,526,,5.4,,8.26,,8,,4342.04,,8.26,,4222.1,,8,,8.26,,8.26,,8,,8,,53.1,,,,,,,,,,,,,,,,,,,,,,,,,,131.2,,,,,,,,,,,,38.8,,,,,,,,,,,,,,,,1.67,,,,,,,,,,,,,,1.02,
CONVENTIONAL|MULTI OUTLET,CRMA,AHOLD DELHAIZE,TOTAL CORPORATE,AD - AHOLD DELHAIZE CORP - MULO CRMA,WEEK,07/16/2023,TPL,UPC,GROCERY,WELLNESS & SNACK BARS,WELLNESS & NUTRITION BARS,ZONE PERFECT,06-38102-20473,Zone Perfect Choc Peanut 1.76 Oz (5 Pk),5,CHOCOLATE PEANUT,14 g,10 TO < 15G PROTEIN,SHELF STABLE,OUNCE,15 g,220 calories,16968.46,,3621.7,,18108.6,,12.8,,12.8,,12.8,,12.8,,1,,1,,0.1,,2023-01-08,0.33,,0.1,,0.33,,0.1,,0.33,,0.1,,1325.66,,282.9,,1325.66,,282.9,,4.69,,8779.92,,8188.54,,51.7,,2405.7,,1216,,66.4,,6.5,,6.3,,6.5,,6.3,,6.5,,6.3,,0.1,,0.1,,6.5,,6.3,,1,0,14111.28,,2293.5,,2857.18,,1328.2,,6.03,,5.67,,35.7,,3.65,,6.73,,22070,,1117,,5.1,,15.2,,3.2,,16968.46,,15.2,,3621.7,,3.2,,15.2,,15.2,,3.2,,3.2,,48.9,,20.4,,,,20.4,,,,,,,,21.9,,,,21.9,,,,,,,,125.5,,0.7,,,,0.7,,,,,,36.1,,,,6.29,,,,6.29,,,,,,,,5.67,,6.25,,,,6.25,,,,,,,,3.62,
CONVENTIONAL|MULTI OUTLET,CRMA,AHOLD DELHAIZE,TOTAL CORPORATE,AD - AHOLD DELHAIZE CORP - MULO CRMA,WEEK,08/13/2023,TPL,UPC,GROCERY,WELLNESS & SNACK BARS,GRANOLA & SNACK BARS,QUAKER CHEWY,00-30000-57651,Quaker Chewy Chocolate Chip Cookie Dough Granola Snack Bar 6.7oz,8,COOKIE / PASTRY / CAKE,1 g,0.5 TO < 5G PROTEIN,SHELF STABLE,OUNCE,7 g,100 calories,30557.63,,10331,,82647.9,,34.8,,34.8,,34.8,,34.8,,1,,1,,0.3,,2023-04-02,0.32,,0.1,,0.32,,0.1,,0.32,,0.1,,878.35,,297,,878.35,,297,,2.96,,4339.42,,26218.21,,14.2,,1577.9,,8753.1,,15.3,,5.7,,29.1,,5.7,,29.1,,5.7,,29.1,,0.1,,0.3,,5.7,,29.1,,1,0,29084.26,,9604.7,,1473.37,,726.3,,3.08,,3.55,,22.4,,2.75,,3,,22093,,4231,,19.1,,7.22,,2.4,,30557.63,,7.22,,10331,,2.4,,7.22,,7.22,,2.4,,2.4,,56.2,,109,,43.8,,78.8,,174.6,,42.3,,,,129.9,,75.8,,96.5,,74.4,,189.4,,,,91.2,,9.5,,22.1,,10.2,,8.4,,22.4,,22.8,,,,3.62,,3.69,,3.9,,3.27,,3.7,,,,3.46,,3.27,,2.87,,3.5,,3,,2.87,,,,2.67,
CONVENTIONAL|FOOD,RMA,DEMOULAS,TOTAL CORPORATE,DEMOULAS - RMA,WEEK,10/06/2024,TPL,UPC,GROCERY,WELLNESS & SNACK BARS,WELLNESS & NUTRITION BARS,DAVES KILLER BREAD,00-13764-00132,Daves Killer Bread Pb Chnk Brs Og 1.9oz(4pk),4,CHOCOLATE PEANUT,10 g,10 TO < 15G PROTEIN,SHELF STABLE,OUNCE,10 g,240 calories,159.8,,20,,80,,11.7,,11.7,,11.7,,11.7,,1,,1,,0.1,,2024-06-23,0.2,,0,,0.2,,0,,0.2,,0,,13.63,,1.7,,13.63,,1.7,,7.99,,55.93,,103.87,,35,,7,,13,,35,,2.9,,8.9,,2.9,,8.9,,2.9,,8.9,,0,,0.1,,2.9,,8.9,,1,0,138.15,,17.3,,21.65,,2.7,,7.99,,7.99,,0,,7.99,,7.99,,90,88,11,,12.2,,14.53,,1.8,,159.8,,14.53,,20,,1.8,,14.53,,14.53,,1.8,,1.8,,,,63.2,,,,63.2,,,,,,,,63.2,,,,63.2,,,,,,,,,,0,,,,0,,,,,,,,,,7.99,,,,7.99,,,,,,,,,,7.99,,,,7.99,,,,,,,,,
CONVENTIONAL|FOOD,RMA,SPARTANNASH,TOTAL CORPORATE,SPARTANNASH CORP - RMA,WEEK,07/02/2023,TPL,UPC,GROCERY,WELLNESS & SNACK BARS,WELLNESS & NUTRITION BARS,KIND,06-02652-27028,Kind Core Dark Choc Nuts Sea Salt 1.4oz (6pk),6,CHOCOLATE NUT,6 g,5 TO < 10G PROTEIN,SHELF STABLE,OUNCE,5 g,190 calories,1132.74,,133,,798,,50.8,,50.8,,50.8,,50.8,,1,,1,,0.5,,2023-01-08,0.89,,0.1,,0.89,,0.1,,0.89,,0.1,,22.3,,2.6,,22.3,,2.6,,8.52,,253.14,,879.6,,22.3,,30,,103,,22.6,,8,,42.8,,8,,42.8,,8,,42.8,,0.1,,0.4,,8,,42.8,,1,0,1037.49,,121.4,,95.25,,11.6,,8.56,,8.65,,2.4,,8.44,,8.54,,139,,61,,43.9,,18.57,,2.2,,1132.74,,18.57,,133,,2.2,,18.57,,18.57,,2.2,,2.2,,37.1,,67,,,,67,,,,,,,,66.3,,,,66.3,,,,,,,,51.5,,0.4,,,,0.4,,,,,,10,,,,8.58,,,,8.58,,,,,,,,8.93,,8.54,,,,8.54,,,,,,,,8.03,
CONVENTIONAL|MASS MERCH,RMA,TARGET,TOTAL CORPORATE,TARGET CORP - RMA,WEEK,03/30/2025,TPL,UPC,GROCERY,WELLNESS & SNACK BARS,GRANOLA & SNACK BARS,PRIVATE LABEL,22-14202-82046,PRIVATE LABEL SHELF STABLE HONEY RESEALABLE BAG CLUSTER GRANOLA 10 OZ 1 CT - 1042594395,1,HONEY,"","",SHELF STABLE,OUNCE,"","",13421.27,,3169,,3169,,68.1,,68.1,,68.1,,68.1,,1,,1,,0.7,,2024-06-02,0.18,,0,,0.18,,0,,0.18,,0,,197.11,,46.5,,197.11,,46.5,,4.24,,9873.91,,3547.36,,73.6,,2453,,716,,77.4,,46.8,,21.3,,46.8,,21.3,,46.8,,21.3,,0.5,,0.2,,46.8,,21.3,,1,0,11265.49,,2407.7,,2155.78,,761.3,,4.94,,4.93,,18.4,,4.03,,4.95,,1965,1945,1190,,60.6,,11.28,,2.7,,13421.27,,11.28,,3169,,2.7,,11.28,,11.28,,2.7,,2.7,,27.9,,,,,,,,,,,,,,,,,,,,,,,,,,45,,,,,,,,,,,,18.4,,,,,,,,,,,,,,,,4.93,,,,,,,,,,,,,,4.03,
CONVENTIONAL|MASS MERCH,RMA,TARGET,TOTAL CORPORATE,TARGET CORP - RMA,WEEK,03/12/2023,TPL,UPC,GROCERY,WELLNESS & SNACK BARS,GRANOLA & SNACK BARS,NATURES BAKERY,00-47495-51060,Natures Bakery Baked Ins Banana Choco Chip 1.27oz (6 Pk),6,CHOCOLATE CHIP / CHUNK,2 g,0.5 TO < 5G PROTEIN,SHELF STABLE,OUNCE,10 g,140 calories,25447.47,,4827.7,,28966.3,,70,,70,,70,,70,,1,,1,,0.7,,2023-01-08,0.31,,0.1,,0.31,,0.1,,0.31,,0.1,,363.54,,69,,363.54,,69,,5.27,,2594.69,,22852.78,,10.2,,497.2,,4330.5,,10.3,,8,,62,,8,,62,,8,,62,,0.1,,0.6,,8,,62,,1,0,24772.35,,4674.5,,675.12,,153.2,,5.34,,5.9,,11.5,,5.22,,5.28,,1924,,1284,,66.7,,19.82,,3.8,,25447.47,,19.82,,4827.7,,3.8,,19.82,,19.82,,3.8,,3.8,,35.2,,,,,,,,,,,,,,,,,,,,,,,,,,44.5,,,,,,,,,,,,11.5,,,,,,,,,,,,,,,,5.9,,,,,,,,,,,,,,5.22,
CONVENTIONAL|MULTI OUTLET,CRMA,WALMART,TOTAL CORPORATE,WALMART CORP - MULO CRMA,WEEK,01/08/2023,TPL,UPC,GROCERY,WELLNESS & SNACK BARS,WELLNESS & NUTRITION BARS,ATKINS,06-37480-03444,Atkins Lemon Snack Bar 1.41 Oz (8 Pk),8,LEMON,13 g,10 TO < 15G PROTEIN,SHELF STABLE,OUNCE,1 g,160 calories,24437.2,,2676.6,,21413,,5.6,,5.6,,5.6,,5.6,,1,,1,,0.1,,2023-01-08,0.22,,0,,0.22,,0,,0.22,,0,,4332.84,,474.6,,4332.84,,474.6,,9.13,,19374.15,,5063.05,,79.3,,2206.5,,470.1,,82.4,,4.4,,1.2,,4.4,,1.2,,4.4,,1.2,,0,,0,,4.4,,1.2,,1,0,19062.37,,1897.4,,5374.83,,779.2,,10.36,,10.27,,14.5,,8.78,,10.77,,108243,,1624,,1.5,,15.03,,1.6,,24437.2,,15.03,,2676.6,,1.6,,15.03,,15.03,,1.6,,1.6,,33.6,,,,38.4,,,,,,38.4,,,,,,54.5,,,,54.5,,,,,,71.1,,,,14.4,,,,,,14.4,,31.1,,,,,,10.27,,,,,,10.27,,,,11.33,,,,8.79,,,,,,8.79,,,,7.8,
CONVENTIONAL|FOOD,RMA,GIANT EAGLE,TOTAL CORPORATE,GIANT EAGLE CORP - RMA,WEEK,03/12/2023,TPL,UPC,GROCERY,WELLNESS & SNACK BARS,GRANOLA & SNACK BARS,BOBOS,08-29262-00034,Bobos Apl Pie Stffd Oat Bites Ogc 1.3oz (5pk),5,APPLE,2 g,0.5 TO < 5G PROTEIN,SHELF STABLE,OUNCE,11 g,140 calories,1305.15,,272.3,,1361.6,,61.4,,61.4,,61.4,,61.4,,1,,1,,0.6,,2023-01-08,0.23,,0.1,,0.23,,0.1,,0.23,,0.1,,21.26,,4.4,,21.26,,4.4,,4.79,,1299.66,,5.49,,99.6,,271.3,,1,,99.6,,60.8,,0.5,,60.8,,0.5,,60.8,,0.5,,0.6,,0,,60.8,,0.5,,1,0,1030.71,,197.1,,274.44,,75.2,,5.5,,5.5,,12.9,,4.79,,5.49,,206,,109,,52.7,,12.03,,2.5,,1305.15,,12.03,,272.3,,2.5,,12.03,,12.03,,2.5,,2.5,,26.8,,,,,,,,,,,,,,,,,,,,,,,,,,38.4,,,,,,,,,,,,12.9,,,,,,,,,,,,,,,,5.5,,,,,,,,,,,,,,4.79,
CONVENTIONAL|MULTI OUTLET,CRMA,PUBLIX,TOTAL CORPORATE,PUBLIX CORP - MULO CRMA,WEEK,07/27/2025,TPL,UPC,GROCERY,WELLNESS & SNACK BARS,GRANOLA & SNACK BARS,PRIVATE LABEL,22-15008-50769,PRIVATE LABEL INDIVDL WRAP IN BOX BAR FRUIT & NUT 8.46 OZ 6 CT - 1195234073,6,UNKNOWN,"","",UNKNOWN,OUNCE,"","",23256,,5066.7,,30400,,2.1,,2.1,,2.1,,2.1,,1,,1,,0,,2025-02-09,1.67,,0.4,,1.67,,0.4,,1.67,,0.4,,11234.78,,2447.7,,11234.78,,2447.7,,4.59,,18195.15,,5060.85,,78.2,,3964.1,,1102.6,,78.2,,1.6,,0.6,,1.6,,0.6,,1.6,,0.6,,0,,0,,1.6,,0.6,,1,0,18289.99,,3984,,4966.01,,1082.6,,4.59,,4.59,,0,,4.59,,4.59,,15137,15260,483,,3.2,,48.11,,10.5,,23256,,48.11,,5066.7,,10.5,,48.11,,48.11,,10.5,,10.5,,131.9,,37.3,,,,37.3,,,,,,,,37.3,,,,37.3,,,,,,,,132.2,,0,,,,0,,,,,,0.1,,,,4.59,,,,4.59,,,,,,,,4.6,,4.59,,,,4.59,,,,,,,,4.59,
CONVENTIONAL|FOOD,RMA,GIANT EAGLE,TOTAL CORPORATE,GIANT EAGLE CORP - RMA,WEEK,07/16/2023,TPL,UPC,GROCERY,WELLNESS & SNACK BARS,WELLNESS & NUTRITION BARS,CLIF ZBAR,07-22252-19223,Clif Zbar Choc Brownie Og 1.27 Oz (12 Pk),12,CHOCOLATE,2 g,0.5 TO < 5G PROTEIN,SHELF STABLE,OUNCE,11 g,130 calories,1500.07,,143,,1716,,40.5,,40.5,,40.5,,40.5,,1,,1,,0.4,,2023-01-08,0.44,,0,,0.44,,0,,0.44,,0,,37.07,,3.5,,37.07,,3.5,,10.49,,1416.15,,83.92,,94.4,,135,,8,,94.4,,37.2,,3.3,,37.2,,3.3,,37.2,,3.3,,0.4,,0,,37.2,,3.3,,1,0,1174.02,,106.3,,326.05,,36.7,,11.4,,11.45,,8.4,,10.49,,10.49,,206,,60,,29.1,,25,,2.4,,1500.07,,25,,143,,2.4,,25,,25,,2.4,,2.4,,29.9,,,,,,,,,,,,,,,,,,,,,,,,,,37.3,,,,,,,,,,,,8.4,,,,,,,,,,,,,,,,11.45,,,,,,,,,,,,,,10.49,
CONVENTIONAL|FOOD,RMA,SAVE MART,TOTAL CORPORATE,SAVE MART CORP - RMA,WEEK,08/27/2023,TPL,UPC,GROCERY,WELLNESS & SNACK BARS,GRANOLA & SNACK BARS,KIND,06-02652-29949,Kind Hgb Drizzled Dark Choc Pb 1.16oz (5pk),5,CHOCOLATE,2 g,0.5 TO < 5G PROTEIN,SHELF STABLE,OUNCE,7 g,140 calories,260.44,,68,,340,,14.6,,14.6,,14.6,,14.6,,1,,1,,0.1,,2023-01-08,0.35,,0.1,,0.35,,0.1,,0.35,,0.1,,17.88,,4.7,,17.88,,4.7,,3.83,,126.39,,134.05,,48.5,,33,,35,,48.5,,7.3,,7.2,,7.3,,7.2,,7.3,,7.2,,0.1,,0.1,,7.3,,7.2,,1,0,229.23,,54.5,,31.21,,13.5,,4.64,,5.49,,30.3,,3.83,,3.83,,193,,31,,16.1,,8.4,,2.2,,260.44,,8.4,,68,,2.2,,8.4,,8.4,,2.2,,2.2,,32.8,,,,,,,,,,,,,,,,,,,,,,,,,,69.7,,,,,,,,,,,,30.3,,,,,,,,,,,,,,,,5.49,,,,,,,,,,,,,,3.83,
CONVENTIONAL|MULTI OUTLET,CRMA,CVS,TOTAL CORPORATE,CVS CORP TTL - MULO CRMA,WEEK,07/13/2025,TPL,UPC,GROCERY,WELLNESS & SNACK BARS,GRANOLA & SNACK BARS,KIND,06-02652-65184,Kind Breakfast Apple Cinnamon Protein 1.76 Oz (6 Pk),6,APPLE / CINNAMON,8 g,5 TO < 10G PROTEIN,SHELF STABLE,OUNCE,10 g,210 calories,185788.49,,33393.6,,200361.6,,47.3,,47.3,,47.3,,47.3,,1,,1,,0.5,,2024-12-01,0.31,,0.1,,0.31,,0.1,,0.31,,0.1,,3927.88,,706,,3927.88,,706,,5.56,,34831.7,,150956.79,,18.7,,6810.9,,26582.7,,20.4,,6.9,,40.4,,6.9,,40.4,,6.9,,40.4,,0.1,,0.4,,6.9,,40.4,,1,0,174930.41,,30839,,10858.08,,2554.6,,5.7,,5.79,,11.6,,5.11,,5.68,,77188,78964,11455,,14.8,,16.22,,2.9,,185788.49,,16.22,,33393.6,,2.9,,16.22,,16.22,,2.9,,2.9,,45,,89.3,,,,89.3,,,,,,,,90.1,,,,90.1,,,,,,,,59.8,,0,,,,0,,,,,,11.7,,,,5.04,,,,5.04,,,,,,,,5.79,,5.04,,,,5.04,,,,,,,,5.11,
CONVENTIONAL|MULTI OUTLET,CRMA,WALGREENS BOOTS ALLIANCE,TOTAL CORPORATE,WALGREENS BOOTS ALLIANCE (WBA) CORP - MULO CRMA,WEEK,05/11/2025,TPL,UPC,GROCERY,WELLNESS & SNACK BARS,WELLNESS & NUTRITION BARS,ONE BAR,07-88434-10268,+ona10 Cs#17 Prtn Nsb Bar 8.48oz,4,COOKIES AND CREAM,18 g,15 TO < 20G PROTEIN,SHELF STABLE,OUNCE,3 g,230 calories,71270.12,,8575.1,,34300.3,,21.1,,21.1,,21.1,,21.1,,1,,1,,0.2,,2024-06-16,0.19,,0,,0.19,,0,,0.19,,0,,3372.94,,405.8,,3372.94,,405.8,,8.31,,16692.49,,54577.63,,23.4,,1933.1,,6642,,22.5,,3.5,,17.7,,3.5,,17.7,,3.5,,17.7,,0,,0.2,,3.5,,17.7,,1,0,62020.24,,7401.2,,9249.88,,1173.9,,8.71,,10.42,,17.1,,8.64,,8.22,,85410,86032,4433,,5.2,,16.08,,1.9,,71270.12,,16.08,,8575.1,,1.9,,16.08,,16.08,,1.9,,1.9,,123.4,,130.1,,,,130.1,,,,,,,,144.5,,,,144.5,,,,,,,,156.4,,10.4,,,,10.4,,,,,,18.2,,,,9.24,,,,9.24,,,,,,,,10.62,,8.28,,,,8.28,,,,,,,,8.7,
CONVENTIONAL|MULTI OUTLET,CRMA,WALGREENS BOOTS ALLIANCE,TOTAL CORPORATE,WALGREENS BOOTS ALLIANCE (WBA) CORP - MULO CRMA,WEEK,09/24/2023,TPL,UPC,GROCERY,WELLNESS & SNACK BARS,WELLNESS & NUTRITION BARS,FROOZE BALLS,94-21906-07884,Frooze Balls Crml Choc Pnut Bttr 15ct 7.4oz,15,CHOCOLATE PEANUT,"","",SHELF STABLE,OUNCE,"","",6760.04,,2640,,39600,,7.3,,7.3,,7.3,,7.3,,1,,1,,0.1,,2023-01-08,0.02,,0,,0.02,,0,,0.02,,0,,919.73,,359.2,,919.73,,359.2,,2.56,,6026.61,,733.43,,89.2,,2408,,232,,91.2,,6.5,,0.8,,6.5,,0.8,,6.5,,0.8,,0.1,,0,,6.5,,0.8,,1,0,6061.11,,1470,,698.93,,1170,,4.79,,4.95,,49.5,,2.5,,3.16,,86588,,1143,,1.3,,5.92,,2.3,,6760.04,,5.92,,2640,,2.3,,5.92,,5.92,,2.3,,2.3,,13.1,,,,,,,,,,,,,,,,,,,,,,,,,,94.5,,,,,,,,,,,,49.5,,,,,,,,,,,,,,,,4.95,,,,,,,,,,,,,,2.5,
CONVENTIONAL|MULTI OUTLET,CRMA,SAMS,TOTAL CORPORATE,SAMS CORP - MULO CRMA,WEEK,08/20/2023,TPL,UPC,GROCERY,WELLNESS & SNACK BARS,GRANOLA & SNACK BARS,NUTRI-GRAIN,00-38000-22068,Kngkd Stybt Bkf Nsb Bar 1.3 Oz (5pk),5,UNKNOWN,1 g,0.5 TO < 5G PROTEIN,SHELF STABLE,OUNCE,12 g,140 calories,51621.8,,14716.6,,73583.2,,15.2,,15.2,,15.2,,15.2,,1,,1,,0.1,,2023-01-08,0.16,,0.1,,0.16,,0.1,,0.16,,0.1,,3389.48,,966.3,,3389.48,,966.3,,3.51,,28553.42,,23068.38,,55.3,,8730.3,,5986.4,,59.3,,8.9,,6.3,,8.9,,6.3,,8.9,,6.3,,0.1,,0.1,,8.9,,6.3,,1,0,42700.03,,10864.2,,8921.77,,3852.5,,4.1,,4.27,,23.5,,3.27,,3.85,,108469,,5532,,5.1,,9.34,,2.7,,51621.8,,9.34,,14716.6,,2.7,,9.34,,9.34,,2.7,,2.7,,40.5,,70.4,,60.4,,71.1,,41.3,,60.4,,,,86.3,,118.5,,87.6,,118.8,,46.5,,,,68.9,,10.9,,29.3,,11.1,,0,,29.3,,22,,,,4.67,,4.38,,4.7,,3.62,,4.38,,,,4.22,,4.16,,3.1,,4.17,,3.62,,3.1,,,,3.29,
CONVENTIONAL|MULTI OUTLET,CRMA,ALBERTSONS COMPANIES,TOTAL CORPORATE,AC - ALBERTSONSCO CORP - MULO CRMA,WEEK,10/15/2023,TPL,UPC,GROCERY,WELLNESS & SNACK BARS,WELLNESS & NUTRITION BARS,LARABAR,00-21908-11536,Larabar Chc Chip Cookie Dough Bar 1.6oz (6pk),6,CHOCOLATE CHIP / CHUNK,4 g,0.5 TO < 5G PROTEIN,SHELF STABLE,OUNCE,16 g,220 calories,44005.1,,6217.3,,37303.6,,28.1,,28.1,,28.1,,28.1,,1,,1,,0.3,,2023-01-08,0.37,,0.1,,0.37,,0.1,,0.37,,0.1,,1568.81,,221.6,,1568.81,,221.6,,7.08,,5851.33,,38153.77,,13.3,,901.4,,5315.9,,14.5,,2.1,,25.9,,2.1,,25.9,,2.1,,25.9,,0,,0.3,,2.1,,25.9,,1,0,41856.13,,5791.9,,2148.97,,425.3,,7.42,,8.88,,26.9,,6.49,,7.18,,27646,,3049,,11,,14.43,,2,,44005.1,,14.43,,6217.3,,2,,14.43,,14.43,,2,,2,,55.9,,67.1,,,,67.1,,,,,,,,82.5,,,,82.5,,,,,,,,91.2,,9.8,,,,9.8,,,,,,30.2,,,,7.16,,,,7.16,,,,,,,,9.31,,6.46,,,,6.46,,,,,,,,6.5,
CONVENTIONAL|MULTI OUTLET,CRMA,CVS,TOTAL CORPORATE,CVS CORP TTL - MULO CRMA,WEEK,10/29/2023,TPL,UPC,GROCERY,WELLNESS & SNACK BARS,WELLNESS & NUTRITION BARS,CLIF BAR,07-22252-66004,Clif Bar Choc Chip Ogc 2.4 Oz (6 Pk),6,CHOCOLATE CHIP / CHUNK,10 g,10 TO < 15G PROTEIN,SHELF STABLE,OUNCE,17 g,250 calories,444906.88,,56335.5,,338013.2,,62.7,,62.7,,62.7,,62.7,,1,,1,,0.6,,2023-01-08,0.58,,0.1,,0.58,,0.1,,0.58,,0.1,,7099.2,,898.9,,7099.2,,898.9,,7.9,,150101.82,,294805.06,,33.7,,20568.6,,35767,,36.5,,25.3,,37.4,,25.3,,37.4,,25.3,,37.4,,0.3,,0.4,,25.3,,37.4,,1,0,398224.02,,48962.6,,46682.86,,7373,,8.16,,8.03,,9.1,,7.3,,8.24,,79493,,17639,,22.2,,25.22,,3.2,,444906.88,,25.22,,56335.5,,3.2,,25.22,,25.22,,3.2,,3.2,,45.7,,37.7,,66.1,,35.6,,98.6,,60.1,,,,45,,80.9,,43,,75.6,,109.9,,,,56.7,,4.9,,10.1,,4.8,,5.8,,11.1,,9.5,,,,8.6,,9.91,,8.55,,9.78,,9.93,,,,7.93,,8.18,,8.9,,8.14,,9.21,,8.83,,,,7.18,
CONVENTIONAL|FOOD,RMA,MEIJER,TOTAL CORPORATE,MEIJER CORP - RMA,WEEK,01/22/2023,TPL,UPC,GROCERY,WELLNESS & SNACK BARS,WELLNESS & NUTRITION BARS,RXBAR,01-93908-00260,Rxbar Pecan Protein Bar 1.8 Oz,1,NUTS AND SEEDS (OTHER THAN PEANUT),12 g,10 TO < 15G PROTEIN,SHELF STABLE,OUNCE,18 g,220 calories,349.28,,200.4,,200.4,,25.2,,25.2,,25.2,,25.2,,1,,1,,0.3,,2023-01-08,0.08,,0.1,,0.08,,0.1,,0.08,,0.1,,13.84,,7.9,,13.84,,7.9,,1.74,,96.54,,252.74,,27.6,,71.1,,129.3,,35.5,,5.3,,20,,5.3,,20,,5.3,,20,,0.1,,0.2,,5.3,,20,,1,0,320.11,,163.3,,29.17,,37.1,,2.01,,2.12,,36,,1.36,,1.95,,264,,62,,23.7,,5.59,,3.2,,349.28,,5.59,,200.4,,3.2,,5.59,,5.59,,3.2,,3.2,,31.1,,57.6,,,,57.6,,,,,,,,105.3,,,,105.3,,,,,,,,112.1,,27.1,,,,27.1,,,,,,43.2,,,,2.08,,,,2.08,,,,,,,,2.15,,1.52,,,,1.52,,,,,,,,1.22,
CONVENTIONAL|MULTI OUTLET,CRMA,GIANT EAGLE,TOTAL CORPORATE,GIANT EAGLE CORP - MULO CRMA,WEEK,01/18/2026,TPL,UPC,GROCERY,WELLNESS & SNACK BARS,GRANOLA & SNACK BARS,LITTLE SPOON,08-50056-78423,Little Spoon Baby Food Apple Pie With Oats Appples Carrots Chia Seeds Bar 5.3oz,5,UNKNOWN,"","",SHELF STABLE,OUNCE,"","",1117.95,,207,,1035,,4.2,,4.2,,4.2,,4.2,,1,,1,,0,,2025-09-07,0.02,,0,,0.02,,0,,0.02,,0,,268.74,,49.8,,268.74,,49.8,,5.4,,735.12,,382.83,,65.8,,141,,66,,68.1,,2.5,,1.7,,2.5,,1.7,,2.5,,1.7,,0,,0,,2.5,,1.7,,1,0,735.3,,127.3,,382.65,,79.7,,5.81,,5.81,,10.2,,5.21,,5.8,,2800,2969,56,,2,,19.94,,3.7,,1117.95,,19.94,,207,,3.7,,19.94,,19.94,,3.7,,3.7,,111,,104,,,,104,,,,,,,,118.6,,,,118.6,,,,,,,,136.4,,7.3,,,,7.3,,,,,,11.7,,,,5.74,,,,5.74,,,,,,,,5.84,,5.32,,,,5.32,,,,,,,,5.16,
CONVENTIONAL|FOOD,RMA,K-VA-T,TOTAL CORPORATE,"K-VA-T FOODS W/ CHATTANOOGA, TN - RMA",WEEK,11/05/2023,TPL,UPC,GROCERY,WELLNESS & SNACK BARS,GRANOLA & SNACK BARS,CHEX MIX,00-16000-18466,Chex Mix Bar Cookies Cream 1.13oz (6pk),6,COOKIES AND CREAM,1 g,0.5 TO < 5G PROTEIN,SHELF STABLE,OUNCE,10 g,140 calories,336.14,,146,,876,,59.9,,59.9,,59.9,,59.9,,1,,1,,0.6,,2023-01-08,0.16,,0.1,,0.16,,0.1,,0.16,,0.1,,5.61,,2.4,,5.61,,2.4,,2.3,,296.69,,39.45,,88.3,,131,,15,,89.7,,50.7,,9.2,,50.7,,9.2,,50.7,,9.2,,0.5,,0.1,,50.7,,9.2,,1,0,139.61,,37.8,,196.53,,108.2,,4.21,,4.39,,48.4,,2.26,,2.63,,135,,74,,54.8,,4.54,,2,,336.14,,4.54,,146,,2,,4.54,,4.54,,2,,2,,196.2,,,,,,,,,,,,,,,,,,,,,,,,,,474.1,,,,,,,,,,,,48.4,,,,,,,,,,,,,,,,4.39,,,,,,,,,,,,,,2.26,
CONVENTIONAL|FOOD,RMA,DIERBERGS,TOTAL CORPORATE,DIERBERGS MARKETS - RMA,WEEK,03/26/2023,TPL,UPC,GROCERY,WELLNESS & SNACK BARS,WELLNESS & NUTRITION BARS,QUEST,08-88849-00001,Quest Choc Chp Cookie Dough Protein Bar 2.1oz,1,CHOCOLATE CHIP / CHUNK,21 g,20 TO < 25G PROTEIN,SHELF STABLE,OUNCE,1 g,190 calories,619.88,,249,,249,,98.3,,98.3,,98.3,,98.3,,1,,1,,1,,2023-01-08,0.65,,0.3,,0.65,,0.3,,0.65,,0.3,,6.31,,2.5,,6.31,,2.5,,2.49,,72.4,,547.48,,11.7,,29,,220,,11.6,,8.7,,89.6,,8.7,,89.6,,8.7,,89.6,,0.1,,0.9,,8.7,,89.6,,1,0,577.87,,230.2,,42.01,,18.8,,2.54,,2.95,,15.4,,2.5,,2.49,,26,,25,,96.2,,24.8,,10,,619.88,,24.8,,249,,10,,24.8,,24.8,,10,,10,,138.2,,,,,,,,,,,,,,,,,,,,,,,,,,183.5,,,,,,,,,,,,15.4,,,,,,,,,,,,,,,,2.95,,,,,,,,,,,,,,2.5,
CONVENTIONAL|MULTI OUTLET,CRMA,DECA,TOTAL CORPORATE,DECA CONUS - MULO CRMA,WEEK,07/09/2023,TPL,UPC,GROCERY,WELLNESS & SNACK BARS,WELLNESS & NUTRITION BARS,QUEST,08-88849-00930,Quest Choc Chip Cookie Dgh Bar 2.12 Oz (8 Pk),8,CHOCOLATE CHIP / CHUNK,21 g,20 TO < 25G PROTEIN,SHELF STABLE,OUNCE,1 g,190 calories,92248.1,,5432.4,,43459,,32.7,,32.7,,32.7,,32.7,,1,,1,,0.3,,2023-01-08,0.5,,0,,0.5,,0,,0.5,,0,,2822.77,,166.2,,2822.77,,166.2,,16.98,,9558.8,,82689.3,,10.4,,588.8,,4843.6,,10.8,,3,,29.7,,3,,29.7,,3,,29.7,,0,,0.3,,3,,29.7,,1,0,89750.75,,5275.2,,2497.35,,157.2,,17.03,,16.69,,2.7,,16.23,,17.07,,22073,,2057,,9.3,,44.86,,2.6,,92248.1,,44.86,,5432.4,,2.6,,44.86,,44.86,,2.6,,2.6,,31.2,,36.5,,,,36.5,,,,,,,,36.4,,,,36.4,,,,,,,,36.5,,0.1,,,,0.1,,,,,,11.8,,,,16.42,,,,16.42,,,,,,,,17.71,,16.4,,,,16.4,,,,,,,,15.62,
CONVENTIONAL|FOOD,RMA,SAVE MART,TOTAL CORPORATE,SAVE MART CORP - RMA,WEEK,01/11/2026,TPL,UPC,GROCERY,WELLNESS & SNACK BARS,GRANOLA & SNACK BARS,QUAKER CHEWY,00-30000-57833,Quaker Cookies & Cream Protein Granola Bars 1.41 Oz (5 Pk),5,COOKIES AND CREAM,"","",SHELF STABLE,OUNCE,"","",741.81,,99,,495,,40.3,,40.3,,40.3,,40.3,,1,,1,,0.4,,2025-06-08,0.44,,0.1,,0.44,,0.1,,0.44,,0.1,,18.4,,2.5,,18.4,,2.5,,7.49,,153.78,,588.03,,20.7,,22,,77,,22.2,,8.3,,32,,8.3,,32,,8.3,,32,,0.1,,0.3,,8.3,,32,,1,0,707.44,,93.3,,34.37,,5.7,,7.6,,7.49,,6.7,,6.99,,7.64,,191,194,70,,36.6,,10.6,,1.4,,741.81,,10.6,,99,,1.4,,10.6,,10.6,,1.4,,1.4,,28.8,,,,,,,,,,,,,,,,,,,,,,,,,,35.1,,,,,,,,,,,,6.7,,,,,,,,,,,,,,,,7.49,,,,,,,,,,,,,,6.99,
CONVENTIONAL|MULTI OUTLET,CRMA,SAMS,TOTAL CORPORATE,SAMS CORP - MULO CRMA,WEEK,11/19/2023,TPL,UPC,GROCERY,WELLNESS & SNACK BARS,WELLNESS & NUTRITION BARS,CLIF BAR,07-22252-38597,Clif Bar Chocolate Chip Minis Og .99oz (10pk),10,CHOCOLATE CHIP / CHUNK,4 g,0.5 TO < 5G PROTEIN,SHELF STABLE,OUNCE,7 g,100 calories,66140.99,,8272.3,,82722.8,,21.8,,21.8,,21.8,,21.8,,1,,1,,0.2,,2023-01-08,0.29,,0,,0.29,,0,,0.29,,0,,3029.82,,378.9,,3029.82,,378.9,,8,,9219.04,,56921.95,,13.9,,1208.2,,7064.1,,14.6,,2.7,,19.1,,2.7,,19.1,,2.7,,19.1,,0,,0.2,,2.7,,19.1,,1,0,63391.98,,7816,,2749.01,,456.3,,8.22,,9.16,,16.7,,7.63,,8.06,,108388,,5441,,5,,12.15,,1.5,,66140.99,,12.15,,8272.3,,1.5,,12.15,,12.15,,1.5,,1.5,,39.2,,,,102.9,,,,,,102.9,,,,,,106.9,,,,106.9,,,,,,58,,,,0.6,,,,,,0.6,,17.8,,,,,,8.07,,,,,,8.07,,,,9.25,,,,8.02,,,,,,8.02,,,,7.6,
CONVENTIONAL|MULTI OUTLET,CRMA,KROGER,TOTAL CORPORATE,"KROGER CORP W/ HARRIS TEETER, ROUNDYS AND RULER - MULO CRMA",WEEK,02/23/2025,TPL,UPC,GROCERY,WELLNESS & SNACK BARS,WELLNESS & NUTRITION BARS,CLIF BAR,07-22252-06876,Clif Bar Chocolate Chip Bar Ogc 2.4oz (10pk),10,CHOCOLATE CHIP / CHUNK,10 g,10 TO < 15G PROTEIN,SHELF STABLE,OUNCE,17 g,250 calories,219488.57,,16523.5,,165235.5,,53,,53,,53,,53,,1,,1,,0.5,,2024-03-31,0.57,,0,,0.57,,0,,0.57,,0,,4142.86,,311.9,,4142.86,,311.9,,13.28,,42105.94,,177382.63,,19.2,,3092.2,,13431.4,,18.7,,7.4,,45.6,,7.4,,45.6,,7.4,,45.6,,0.1,,0.5,,7.4,,45.6,,1,0,210757.05,,15763.6,,8731.52,,759.9,,13.56,,15.07,,9.6,,13.62,,13.21,,37762,38303,7401,,19.6,,29.65,,2.2,,219488.57,,29.65,,16523.5,,2.2,,29.65,,29.65,,2.2,,2.2,,21.2,,33.9,,31.9,,32.9,,34.8,,31.2,,,,39.9,,39,,33.4,,37.6,,45.6,,,,27.6,,7.8,,8.8,,1.8,,12.3,,8,,11.1,,,,14.65,,14.76,,13.97,,15.19,,14.67,,,,15.46,,13.5,,13.46,,13.72,,13.33,,13.49,,,,13.74,
CONVENTIONAL|FOOD,RMA,DIERBERGS,TOTAL CORPORATE,DIERBERGS MARKETS - RMA,WEEK,03/05/2023,TPL,UPC,GROCERY,WELLNESS & SNACK BARS,WELLNESS & NUTRITION BARS,RXBAR,08-57777-00423,Rxbar Chocolate Sea Salt Bar 1.83 Oz,1,CHOCOLATE,12 g,10 TO < 15G PROTEIN,SHELF STABLE,OUNCE,13 g,210 calories,423.67,,213,,213,,98.3,,98.3,,98.3,,98.3,,1,,1,,1,,2023-01-08,0.43,,0.2,,0.43,,0.2,,0.43,,0.2,,4.31,,2.2,,4.31,,2.2,,1.99,,423.67,,0,,100,,213,,0,,100,,98.3,,0,,98.3,,0,,98.3,,0,,1,,0,,98.3,,0,,1,0,259.89,,107.2,,163.78,,105.8,,2.57,,2.57,,22.6,,1.99,,,,26,,25,,96.2,,16.95,,8.5,,423.67,,16.95,,213,,8.5,,16.95,,16.95,,8.5,,8.5,,63,,,,,,,,,,,,,,,,,,,,,,,,,,98.8,,,,,,,,,,,,22.6,,,,,,,,,,,,,,,,2.57,,,,,,,,,,,,,,1.99,
CONVENTIONAL|FOOD,RMA,WEGMANS,TOTAL CORPORATE,WEGMANS CORP W/O METRO NY - RMA,WEEK,12/03/2023,TPL,UPC,GROCERY,WELLNESS & SNACK BARS,WELLNESS & NUTRITION BARS,CLIF BAR,07-22252-30120,Clif Bar Crunchy Pnut Bttr Ogc 2.4 Oz (12 Pk),12,PEANUT BUTTER,11 g,10 TO < 15G PROTEIN,SHELF STABLE,OUNCE,19 g,260 calories,9960.07,,643,,7716,,95.7,,95.7,,95.7,,95.7,,1,,1,,1,,2023-01-08,0.8,,0.1,,0.8,,0.1,,0.8,,0.1,,104.08,,6.7,,104.08,,6.7,,15.49,,1161.75,,8798.32,,11.7,,75,,568,,11.7,,8,,87.7,,8,,87.7,,8,,87.7,,0.1,,0.9,,8,,87.7,,1,0,9549.11,,616.5,,410.96,,26.5,,15.49,,15.49,,0,,15.49,,15.49,,107,,102,,95.3,,97.65,,6.3,,9960.07,,97.65,,643,,6.3,,97.65,,97.65,,6.3,,6.3,,,,54.7,,,,54.7,,,,,,,,54.7,,,,54.7,,,,,,,,,,0,,,,0,,,,,,,,,,15.49,,,,15.49,,,,,,,,,,15.49,,,,15.49,,,,,,,,,
CONVENTIONAL|MULTI OUTLET,CRMA,MEIJER,TOTAL CORPORATE,MEIJER CORP - MULO CRMA,WEEK,01/22/2023,TPL,UPC,GROCERY,WELLNESS & SNACK BARS,WELLNESS & NUTRITION BARS,BUILT BAR,08-40229-30374,Built Bar Vrty Pck Prtn Pff Brs 1.6 Oz (12pk),12,ASSORTED,g,15 TO < 20G PROTEIN,SHELF STABLE,OUNCE,"","",44355.64,,2018,,24216,,6.5,,6.5,,6.5,,6.5,,1,,1,,0.1,,2023-01-08,0.34,,0,,0.34,,0,,0.34,,0,,6845.01,,311.4,,6845.01,,311.4,,21.98,,36882.44,,7473.2,,83.2,,1678,,340,,83.2,,5.4,,1.1,,5.4,,1.1,,5.4,,1.1,,0.1,,0,,5.4,,1.1,,1,0,23784.93,,1082.1,,20570.71,,935.9,,21.98,,21.98,,0,,21.98,,21.98,,9810,,89,,0.9,,495.91,,22.6,,44355.64,,495.91,,2018,,22.6,,495.91,,495.91,,22.6,,22.6,,,,126.1,,,,126.1,,,,,,,,126.1,,,,126.1,,,,,,,,,,0,,,,0,,,,,,,,,,21.98,,,,21.98,,,,,,,,,,21.98,,,,21.98,,,,,,,,,
CONVENTIONAL|MULTI OUTLET,CRMA,ALBERTSONS COMPANIES,TOTAL CORPORATE,AC - ALBERTSONSCO CORP - MULO CRMA,WEEK,07/16/2023,TPL,UPC,GROCERY,WELLNESS & SNACK BARS,WELLNESS & NUTRITION BARS,PERFECT BAR,08-55569-11060,Perfect Bar Dark Choc Peanut Butter Og 2.3oz,1,CHOCOLATE PEANUT,15 g,15 TO < 20G PROTEIN,REFRIGERATED,OUNCE,18 g,330 calories,166837.91,,62463.8,,62463.8,,54.1,,54.1,,54.1,,54.1,,1,,1,,0.5,,2023-01-08,0.5,,0.2,,0.5,,0.2,,0.5,,0.2,,3086.16,,1155.5,,3086.16,,1155.5,,2.67,,70741.56,,96096.35,,42.4,,29468.5,,32995.3,,47.2,,22.5,,31.6,,22.5,,31.6,,22.5,,31.6,,0.2,,0.3,,22.5,,31.6,,1,0,141839.42,,48550.5,,24998.49,,13913.3,,2.99,,3.07,,21.7,,2.4,,2.91,,27728,,8657,,31.2,,19.27,,7.2,,166837.91,,19.27,,62463.8,,7.2,,19.27,,19.27,,7.2,,7.2,,54,,44.6,,59,,43.2,,56.9,,59,,,,48.8,,106.9,,44.9,,107,,86.7,,,,87.1,,2.4,,25.6,,0.7,,15,,25.7,,21.1,,,,3.31,,3.24,,3.29,,3.43,,3.24,,,,3.03,,3.23,,2.41,,3.27,,2.92,,2.41,,,,2.39,
CONVENTIONAL|MULTI OUTLET,CRMA,UNFI,TOTAL CORPORATE,UNFI (SUPERVALU) TOTAL ENTERPRISE - MULO CRMA,WEEK,12/17/2023,TPL,UPC,GROCERY,WELLNESS & SNACK BARS,WELLNESS & NUTRITION BARS,CLIF BAR,07-22252-58713,Clif Nut Btr Enrg Bar Choc Pb Og 1.76oz (5pk),5,CHOCOLATE PEANUT,7 g,5 TO < 10G PROTEIN,SHELF STABLE,OUNCE,9 g,230 calories,70994.65,,8379.3,,41896.6,,21.1,,21.1,,21.1,,21.1,,1,,1,,0.2,,2023-01-08,0.27,,0,,0.27,,0,,0.27,,0,,3358.31,,396.4,,3358.31,,396.4,,8.47,,6339.5,,64655.15,,8.9,,844,,7535.4,,10.1,,1.8,,19.4,,1.8,,19.4,,1.8,,19.4,,0,,0.2,,1.8,,19.4,,1,0,68796.16,,8036.8,,2198.49,,342.5,,8.58,,8.62,,12.9,,7.51,,8.58,,47194,,3818,,8.1,,18.6,,2.2,,70994.65,,18.6,,8379.3,,2.2,,18.6,,18.6,,2.2,,2.2,,54.4,,20.2,,,,20.2,,,,,,,,18.8,,,,18.8,,,,,,,,70.4,,0,,,,0,,,,,,13.2,,,,8.08,,,,8.08,,,,,,,,8.64,,8.08,,,,8.08,,,,,,,,7.49,
CONVENTIONAL|MULTI OUTLET,CRMA,ALBERTSONS COMPANIES,TOTAL CORPORATE,AC - ALBERTSONSCO CORP - MULO CRMA,WEEK,02/15/2026,TPL,UPC,GROCERY,WELLNESS & SNACK BARS,WELLNESS & NUTRITION BARS,ROBERT IRVINES FITCRUNCH,08-17719-02329,Robert Irvines Fitcrunch Strawberry Strudel Protein Baked Bar 1.62oz (4pk),4,STRAWBERRY,16 g,15 TO < 20G PROTEIN,SHELF STABLE,OUNCE,3 g,190 calories,21546.82,,4337.2,,17348.8,,19,,19,,19,,19,,1,,1,,0.2,,2025-07-27,0.05,,0,,0.05,,0,,0.05,,0,,1136.44,,228.8,,1136.44,,228.8,,4.97,,21080.2,,466.62,,97.8,,4241.1,,96.1,,97.8,,18.5,,0.5,,18.5,,0.5,,18.5,,0.5,,0.2,,0,,18.5,,0.5,,1,0,14560.08,,2574.8,,6986.74,,1762.4,,5.91,,5.93,,16.2,,4.97,,4.86,,26400,27270,1199,,4.5,,17.99,,3.6,,21546.82,,17.99,,4337.2,,3.6,,17.99,,17.99,,3.6,,3.6,,49.1,,52.7,,,,52.7,,,,,,,,74.5,,,,74.5,,,,,,,,70.6,,16,,,,16,,,,,,16.3,,,,5.92,,,,5.92,,,,,,,,5.94,,4.97,,,,4.97,,,,,,,,4.97,
CONVENTIONAL|FOOD,RMA,BIG Y,TOTAL CORPORATE,BIG Y - RMA,WEEK,03/05/2023,TPL,UPC,GROCERY,WELLNESS & SNACK BARS,GRANOLA & SNACK BARS,NATURE VALLEY,00-16000-17944,Nature Valley Blubrry Muffin Bar 1.24oz (5pk),5,BLUEBERRY,2 g,0.5 TO < 5G PROTEIN,SHELF STABLE,OUNCE,9 g,150 calories,1144.39,,221,,1105,,88.5,,88.5,,88.5,,88.5,,1,,1,,0.9,,2023-01-08,0.47,,0.1,,0.47,,0.1,,0.47,,0.1,,12.93,,2.5,,12.93,,2.5,,5.18,,12.97,,1131.42,,1.1,,3,,218,,1.4,,1.6,,86.9,,1.6,,86.9,,1.6,,86.9,,0,,0.9,,1.6,,86.9,,1,0,1144.39,,221,,0,,0,,5.19,,5.18,,16.6,,4.32,,5.19,,72,,63,,87.5,,18.16,,3.5,,1144.39,,18.16,,221,,3.5,,18.16,,18.16,,3.5,,3.5,,0,,,,,,,,,,,,,,,,,,,,,,,,,,0,,,,,,,,,,,,16.6,,,,,,,,,,,,,,,,5.18,,,,,,,,,,,,,,4.32,
CONVENTIONAL|CONVENIENCE,RMA,EG GROUP,TOTAL CORPORATE,EG GROUP CORP - RMA,WEEK,05/21/2023,TPL,UPC,GROCERY,WELLNESS & SNACK BARS,WELLNESS & NUTRITION BARS,MET-RX,07-86560-05001,Met-rx Chocolate Chip Bar 3.5 Oz,1,CHOCOLATE CHIP / CHUNK,30 g,30 TO < 35G PROTEIN,SHELF STABLE,OUNCE,18 g,410 calories,7919.13,,2087.1,,2087.1,,59.2,,59.2,,59.2,,59.2,,1,,1,,0.6,,2023-01-08,3.11,,0.8,,3.11,,0.8,,3.11,,0.8,,133.86,,35.3,,133.86,,35.3,,3.79,,5431.17,,2487.96,,68.6,,1496.5,,590.5,,71.7,,35.8,,23.4,,35.8,,23.4,,35.8,,23.4,,0.4,,0.2,,35.8,,23.4,,1,0,6177.86,,1490.5,,1741.27,,596.6,,4.26,,4.27,,15.1,,3.63,,4.21,,1465,,800,,54.6,,9.9,,2.6,,7919.13,,9.9,,2087.1,,2.6,,9.9,,9.9,,2.6,,2.6,,49.9,,44.2,,60.9,,42.6,,74.4,,39.1,,,,58.1,,80.4,,56.3,,59.9,,92.7,,,,73.1,,12.2,,11.8,,12.2,,11.4,,12.5,,17.3,,,,4.27,,4.21,,4.27,,4.21,,4.22,,,,4.28,,3.75,,3.72,,3.75,,3.73,,3.69,,,,3.54,
CONVENTIONAL|MULTI OUTLET,CRMA,CVS,TOTAL CORPORATE,CVS CORP TTL - MULO CRMA,WEEK,09/24/2023,TPL,UPC,GROCERY,WELLNESS & SNACK BARS,WELLNESS & NUTRITION BARS,CLIF BAR,07-22252-50001,Clif Bar Pumpkn Pie Spcd Ogc 2.4 Oz,1,PUMPKIN / PUMPKIN SPICE,10 g,10 TO < 15G PROTEIN,SHELF STABLE,OUNCE,18 g,250 calories,13518.05,,9565.7,,9565.7,,4.3,,4.3,,4.3,,4.3,,1,,1,,0,,2023-01-08,0.11,,0.1,,0.11,,0.1,,0.11,,0.1,,3173.25,,2245.5,,3173.25,,2245.5,,1.41,,7636.48,,5881.57,,56.5,,5713.4,,3852.4,,59.7,,2.2,,2,,2.2,,2,,2.2,,2,,0,,0,,2.2,,2,,1,0,10699.89,,6589.7,,2818.16,,2976.1,,1.72,,1.84,,27.5,,1.34,,1.53,,79546,,1217,,1.5,,11.11,,7.9,,13518.05,,11.11,,9565.7,,7.9,,11.11,,11.11,,7.9,,7.9,,30.3,,106.1,,758.9,,98.8,,1343.7,,572.1,,,,152.2,,974,,138.8,,741,,1702.3,,,,80.1,,18.5,,20,,18.4,,20,,20,,33.5,,,,1.82,,1.25,,1.86,,1.25,,1.25,,,,1.89,,1.48,,1,,1.51,,1,,1,,,,1.26,
CONVENTIONAL|MULTI OUTLET,CRMA,ALBERTSONS COMPANIES,TOTAL CORPORATE,AC - ALBERTSONSCO CORP - MULO CRMA,WEEK,06/18/2023,TPL,UPC,GROCERY,WELLNESS & SNACK BARS,GRANOLA & SNACK BARS,CHEX MIX,00-16000-18474,Chex Mix Birthday Cake Bars 1.13oz (12pk),12,COOKIE / PASTRY / CAKE,1 g,0.5 TO < 5G PROTEIN,SHELF STABLE,OUNCE,10 g,140 calories,6042.59,,1991.5,,23897.5,,9.8,,9.8,,9.8,,9.8,,1,,1,,0.1,,2023-01-08,0.09,,0,,0.09,,0,,0.09,,0,,618.48,,203.8,,618.48,,203.8,,3.03,,4286.26,,1756.33,,70.9,,1583.4,,408,,79.5,,7,,2.8,,7,,2.8,,7,,2.8,,0.1,,0,,7,,2.8,,1,0,4540.43,,871.2,,1502.16,,1120.2,,6.27,,6.77,,60,,2.71,,4.3,,27754,,841,,3,,7.18,,2.4,,6042.59,,7.18,,1991.5,,2.4,,7.18,,7.18,,2.4,,2.4,,54,,,,,,,,,,,,,,,,,,,,,,,,,,241.8,,,,,,,,,,,,60,,,,,,,,,,,,,,,,6.77,,,,,,,,,,,,,,2.71,
CONVENTIONAL|FOOD,RMA,AHOLD DELHAIZE,TOTAL CORPORATE,AD - AHOLD DELHAIZE CORP - RMA,WEEK,06/25/2023,TPL,UPC,GROCERY,WELLNESS & SNACK BARS,WELLNESS & NUTRITION BARS,SLIM FAST,00-08346-87498,Slim Fast Keto Icd Lmn Drp Fat Bmb .6oz(14pk),14,LEMON,1 g,0.5 TO < 5G PROTEIN,SHELF STABLE,OUNCE,0 g,90 calories,468.87,,39,,546,,3,,3,,3,,3,,1,,1,,0,,2023-01-08,0.25,,0,,0.25,,0,,0.25,,0,,158.4,,13.2,,158.4,,13.2,,12.02,,287.64,,181.23,,61.3,,24,,15,,61.5,,1.8,,1.1,,1.8,,1.1,,1.8,,1.1,,0,,0,,1.8,,1.1,,1,0,469.48,,37.9,,-0.61,,1.1,,12.87,,13.37,,10.4,,11.98,,12.08,,2046,,36,,1.8,,13.02,,1.1,,468.87,,13.02,,39,,1.1,,13.02,,13.02,,1.1,,1.1,,-0.2,,,,,,,,,,,,,,,,,,,,,,,,,,5,,,,,,,,,,,,10.4,,,,,,,,,,,,,,,,13.37,,,,,,,,,,,,,,11.98,
CONVENTIONAL|FOOD,RMA,GIANT EAGLE,TOTAL CORPORATE,GIANT EAGLE CORP - RMA,WEEK,03/05/2023,TPL,UPC,GROCERY,WELLNESS & SNACK BARS,WELLNESS & NUTRITION BARS,HONEY STINGER,08-10815-02137,Honey Stinger Salted Caramel Waffle Og 1 Oz,1,CARAMEL,1 g,0.5 TO < 5G PROTEIN,SHELF STABLE,OUNCE,10 g,140 calories,1578.33,,1581.3,,1581.3,,81.8,,81.8,,81.8,,81.8,,1,,1,,0.8,,2023-01-08,0.21,,0.2,,0.21,,0.2,,0.21,,0.2,,19.29,,19.3,,19.29,,19.3,,1,,1549.15,,29.18,,98.2,,1552.1,,29.2,,98.2,,79.1,,2.7,,79.1,,2.7,,79.1,,2.7,,0.8,,0,,79.1,,2.7,,1,0,1067.81,,696.8,,510.52,,884.5,,1.73,,1.74,,42.6,,1,,1,,206,,152,,73.7,,10.4,,10.4,,1578.33,,10.4,,1581.3,,10.4,,10.4,,10.4,,10.4,,10.4,,42.3,,64.6,,,,64.6,,,,,,,,161.8,,,,161.8,,,,,,,,119.7,,41.7,,,,41.7,,,,,,43.1,,,,1.7,,,,1.7,,,,,,,,1.76,,0.99,,,,0.99,,,,,,,,1,
CONVENTIONAL|MULTI OUTLET,CRMA,ALBERTSONS COMPANIES,TOTAL CORPORATE,AC - ALBERTSONSCO CORP - MULO CRMA,WEEK,01/22/2023,TPL,UPC,GROCERY,WELLNESS & SNACK BARS,GRANOLA & SNACK BARS,NATURE VALLEY,00-16000-18793,Nature Valley Pnt Btr Chc Dpd Br 0.78oz (6pk),6,CHOCOLATE PEANUT,1 g,0.5 TO < 5G PROTEIN,SHELF STABLE,OUNCE,8 g,110 calories,34709.02,,10724.5,,64346.8,,43.2,,43.2,,43.2,,43.2,,1,,1,,0.4,,2023-01-08,0.2,,0.1,,0.2,,0.1,,0.2,,0.1,,804.19,,248.5,,804.19,,248.5,,3.24,,13463.64,,21245.38,,38.8,,5234.2,,5490.2,,48.8,,11.6,,31.5,,11.6,,31.5,,11.6,,31.5,,0.1,,0.3,,11.6,,31.5,,1,0,31280.37,,8014.4,,3428.65,,2710,,4.11,,4.36,,41,,2.57,,3.87,,27814,,5057,,18.2,,6.86,,2.1,,34709.02,,6.86,,10724.5,,2.1,,6.86,,6.86,,2.1,,2.1,,33.1,,54.5,,47.3,,54.5,,,,47.3,,,,51.5,,115.6,,51.5,,115.6,,,,,,106.9,,3.1,,34.3,,3.1,,,,34.3,,41.7,,,,4.09,,3.77,,4.09,,,,3.77,,,,4.42,,3.96,,2.47,,3.96,,,,2.47,,,,2.58,
CONVENTIONAL|FOOD,RMA,DEMOULAS,TOTAL CORPORATE,DEMOULAS - RMA,WEEK,06/16/2024,TPL,UPC,GROCERY,WELLNESS & SNACK BARS,WELLNESS & NUTRITION BARS,CLIF BAR,07-22252-30260,Clif Bar Blubrry Crsp Ogc 2.4 Oz (12 Pk),12,BLUEBERRY,11 g,10 TO < 15G PROTEIN,SHELF STABLE,OUNCE,17 g,250 calories,84.95,,5,,60,,7,,7,,7,,7,,1,,1,,0.1,,2023-07-30,0.19,,0,,0.19,,0,,0.19,,0,,12.19,,0.7,,12.19,,0.7,,16.99,,84.95,,0,,100,,5,,0,,100,,7,,0,,7,,0,,7,,0,,0.1,,0,,7,,0,,1,0,60.71,,3.5,,24.24,,1.5,,17.37,,17.37,,2.2,,16.99,,,,89,88,5,,5.6,,16.99,,1,,84.95,,16.99,,5,,1,,16.99,,16.99,,1,,1,,,,,,39.9,,,,,,39.9,,,,,,42,,,,42,,,,,,,,,,2.2,,,,,,2.2,,,,,,,,17.37,,,,,,17.37,,,,,,,,16.99,,,,,,16.99,,,,,
CONVENTIONAL|FOOD,RMA,AHOLD DELHAIZE,TOTAL CORPORATE,AD - AHOLD DELHAIZE CORP - RMA,WEEK,04/02/2023,TPL,UPC,GROCERY,WELLNESS & SNACK BARS,GRANOLA & SNACK BARS,NUTRI-GRAIN,00-38000-35500,Kelloggs Nutri Grain Bars Mixed Berry Breakfast Snack Bar 10.4oz,8,BERRY - BLENDS / GENERIC,2 g,0.5 TO < 5G PROTEIN,SHELF STABLE,OUNCE,12 g,130 calories,25532.5,,7787.4,,62299.4,,89.6,,89.6,,89.6,,89.6,,1,,1,,0.9,,2023-01-08,0.44,,0.1,,0.44,,0.1,,0.44,,0.1,,285.02,,86.9,,285.02,,86.9,,3.28,,12380.79,,13151.71,,48.5,,3910,,3877.4,,50.2,,36.5,,53,,36.5,,53,,36.5,,53,,0.4,,0.5,,36.5,,53,,1,0,20333.32,,5801.4,,5199.18,,1986,,3.56,,3.73,,15.1,,3.17,,3.39,,2047,,1732,,84.6,,14.74,,4.5,,25532.5,,14.74,,7787.4,,4.5,,14.74,,14.74,,4.5,,4.5,,115.5,,85.1,,12.5,,85.1,,,,12.5,,,,125.4,,12.5,,125.4,,12.5,,,,,,158.5,,17.5,,0.1,,17.5,,,,0.1,,18.6,,,,3.7,,3.86,,3.7,,,,3.86,,,,3.72,,3.05,,3.86,,3.05,,,,3.86,,,,3.03,
CONVENTIONAL|MULTI OUTLET,CRMA,KROGER,TOTAL CORPORATE,"KROGER CORP W/ HARRIS TEETER, ROUNDYS AND RULER - MULO CRMA",WEEK,05/05/2024,TPL,UPC,GROCERY,WELLNESS & SNACK BARS,GRANOLA & SNACK BARS,NATURE VALLEY,00-16000-20037,Nature Valley Savory Smoky Bbq Nut Bar 4.45oz,5,OTHER,4 g,0.5 TO < 5G PROTEIN,SHELF STABLE,OUNCE,2 g,130 calories,8341.76,,4775.1,,23875.6,,15.7,,15.7,,15.7,,15.7,,1,,1,,0.2,,2023-05-28,0.06,,0,,0.06,,0,,0.06,,0,,532.68,,304.9,,532.68,,304.9,,1.75,,4232.14,,4109.62,,50.7,,2933.2,,1842,,61.4,,7.9,,7.8,,7.9,,7.8,,7.9,,7.8,,0.1,,0.1,,7.9,,7.8,,1,0,6268.82,,2656,,2072.94,,2119.1,,2.72,,3.03,,52.4,,1.44,,2.23,,38134,38421,1788,,4.7,,4.66,,2.7,,8341.76,,4.66,,4775.1,,2.7,,4.66,,4.66,,2.7,,2.7,,91.6,,204,,,,204,,,,,,,,465.1,,,,465.1,,,,,,,,251.6,,52.6,,,,52.6,,,,,,52.4,,,,2.9,,,,2.9,,,,,,,,3.04,,1.38,,,,1.38,,,,,,,,1.45,
CONVENTIONAL|FOOD,RMA,AHOLD DELHAIZE,TOTAL CORPORATE,AD - AHOLD DELHAIZE CORP - RMA,WEEK,11/05/2023,TPL,UPC,GROCERY,WELLNESS & SNACK BARS,GRANOLA & SNACK BARS,SPECIAL K,00-38000-16771,Kelloggs Special K Pastry Crisps Cinnamon Brown Sugar Pastry Snack Bar 5.28oz,6,CINNAMON,1 g,0.5 TO < 5G PROTEIN,SHELF STABLE,OUNCE,7 g,100 calories,22503.22,,7339.7,,44038.2,,85.4,,85.4,,85.4,,85.4,,1,,1,,0.8,,2023-01-08,0.41,,0.1,,0.41,,0.1,,0.41,,0.1,,263.41,,85.9,,263.41,,85.9,,3.07,,9427.15,,13076.07,,41.9,,3210,,4129.7,,43.7,,22.6,,62.9,,22.6,,62.9,,22.6,,62.9,,0.2,,0.6,,22.6,,62.9,,1,0,17337.74,,5418.9,,5165.48,,1920.8,,3.24,,3.33,,11.9,,2.94,,3.17,,2046,,1656,,80.9,,13.59,,4.4,,22503.22,,13.59,,7339.7,,4.4,,13.59,,13.59,,4.4,,4.4,,137.4,,291.9,,110.6,,291.9,,,,110.6,,,,362.3,,131.5,,362.3,,131.5,,,,,,179.1,,15.2,,9.4,,15.2,,,,9.4,,16.4,,,,3.37,,3.31,,3.37,,,,3.31,,,,3.37,,2.86,,3,,2.86,,,,3,,,,2.82,
CONVENTIONAL|MULTI OUTLET,CRMA,AHOLD DELHAIZE,TOTAL CORPORATE,AD - AHOLD DELHAIZE CORP - MULO CRMA,WEEK,10/08/2023,TPL,UPC,GROCERY,WELLNESS & SNACK BARS,GRANOLA & SNACK BARS,SUNBELT,00-24300-03107,Sunbelt Bakery Oat And Honey Granola Snack Bar 9.5oz,10,OATMEAL,2 g,0.5 TO < 5G PROTEIN,SHELF STABLE,OUNCE,8 g,120 calories,59088.27,,20292,,202919.6,,44.1,,44.1,,44.1,,44.1,,1,,1,,0.4,,2023-01-08,0.39,,0.1,,0.39,,0.1,,0.39,,0.1,,1338.66,,459.7,,1338.66,,459.7,,2.91,,24907.72,,34180.55,,42.2,,8717,,11574.9,,43,,14.5,,29.7,,14.5,,29.7,,14.5,,29.7,,0.1,,0.3,,14.5,,29.7,,1,0,52279.74,,17762,,6808.53,,2529.9,,2.96,,2.96,,3.4,,2.86,,2.95,,22053,,3689,,16.7,,16.02,,5.5,,59088.27,,16.02,,20292,,5.5,,16.02,,16.02,,5.5,,5.5,,33.8,,37.2,,42.6,,31.4,,45.1,,41,,,,37.6,,42.8,,31.7,,41.2,,45.4,,,,47.3,,0.7,,0.2,,1,,0.2,,0.1,,12.8,,,,2.95,,2.91,,2.98,,2.91,,2.91,,,,3.05,,2.93,,2.91,,2.95,,2.9,,2.91,,,,2.66,
CONVENTIONAL|FOOD,RMA,UNFI,TOTAL CORPORATE,UNFI (SUPERVALU) TOTAL ENTERPRISE - SRMA,WEEK,06/11/2023,TPL,UPC,GROCERY,WELLNESS & SNACK BARS,WELLNESS & NUTRITION BARS,GOMACRO,01-81945-00017,Gomacro Macrobar Sunflowr Buttr Choc Og 2.3oz,1,CHOCOLATE,10 g,10 TO < 15G PROTEIN,SHELF STABLE,OUNCE,11 g,270 calories,2117.11,,591.4,,591.4,,8.4,,8.4,,8.4,,8.4,,1,,1,,0.1,,2023-01-08,0.55,,0.1,,0.55,,0.1,,0.55,,0.1,,251.74,,70.3,,251.74,,70.3,,3.58,,773.8,,1343.31,,36.5,,239.2,,352.1,,40.5,,1.9,,6.5,,1.9,,6.5,,1.9,,6.5,,0,,0.1,,1.9,,6.5,,1,0,1793.04,,480.4,,324.07,,111,,3.69,,3.51,,7.8,,3.23,,3.81,,3253,,212,,6.5,,9.99,,2.8,,2117.11,,9.99,,591.4,,2.8,,9.99,,9.99,,2.8,,2.8,,72.1,,,,,,,,,,,,,,,,,,,,,,,,,,86.6,,,,,,,,,,,,7.8,,,,,,,,,,,,,,,,3.51,,,,,,,,,,,,,,3.23,
CONVENTIONAL|MULTI OUTLET,CRMA,WALMART,TOTAL CORPORATE,WALMART CORP - MULO CRMA,WEEK,02/01/2026,TPL,UPC,GROCERY,WELLNESS & SNACK BARS,GRANOLA & SNACK BARS,KIND,06-02652-67065,Kind Healthy Grains Energy Mixed Berry 1.4 Oz (5pk),5,BERRY - BLENDS / GENERIC,3 g,0.5 TO < 5G PROTEIN,SHELF STABLE,OUNCE,9 g,160 calories,64869.65,,14083.9,,70419.6,,24.2,,24.2,,24.2,,24.2,,1,,1,,0.2,,2025-04-06,0.17,,0,,0.17,,0,,0.17,,0,,2676.14,,581,,2676.14,,581,,4.61,,9019.35,,55850.3,,13.9,,2793.2,,11290.7,,19.8,,2.6,,21.6,,2.6,,21.6,,2.6,,21.6,,0,,0.2,,2.6,,21.6,,1,0,62156.15,,12529,,2713.5,,1554.9,,5.03,,5.36,,39.7,,3.23,,4.95,,105702,107310,8118,,7.7,,7.99,,1.7,,64869.65,,7.99,,14083.9,,1.7,,7.99,,7.99,,1.7,,1.7,,40.3,,107.4,,,,107.4,,,,,,,,135.7,,,,135.7,,,,,,,,125.1,,7.3,,,,7.3,,,,,,41,,,,4.83,,,,4.83,,,,,,,,5.38,,4.47,,,,4.47,,,,,,,,3.17,
CONVENTIONAL|MULTI OUTLET,CRMA,PUBLIX,TOTAL CORPORATE,PUBLIX CORP - MULO CRMA,WEEK,10/08/2023,TPL,UPC,GROCERY,WELLNESS & SNACK BARS,WELLNESS & NUTRITION BARS,GOMACRO,08-10039-91021,Gomacro Double Choc Pb Bar Og 2.3oz (4pk),4,CHOCOLATE PEANUT,10 g,10 TO < 15G PROTEIN,SHELF STABLE,OUNCE,14 g,280 calories,6402.6,,716.8,,2867.1,,11.9,,11.9,,11.9,,11.9,,1,,1,,0.1,,2023-01-08,0.16,,0,,0.16,,0,,0.16,,0,,538.49,,60.3,,538.49,,60.3,,8.93,,1616.12,,4786.48,,25.2,,200.7,,516.1,,28,,2.4,,9.5,,2.4,,9.5,,2.4,,9.5,,0,,0.1,,2.4,,9.5,,1,0,5961.37,,641.9,,441.23,,74.9,,9.53,,10.18,,20.9,,8.05,,9.27,,15302,,412,,2.7,,15.58,,1.7,,6402.6,,15.58,,716.8,,1.7,,15.58,,15.58,,1.7,,1.7,,37.6,,,,,,,,,,,,,,,,,,,,,,,,,,59.6,,,,,,,,,,,,20.9,,,,,,,,,,,,,,,,10.18,,,,,,,,,,,,,,8.05,
